Feature1,Feature2,Feature3,Feature4,Feature5,Feature6,Feature7,Feature8,Feature9,Feature10,Class,
0.17770100093325383,-1.4063174636718339,0.8745170741325226,-0.15032046027187207,0.2790838583451852,-1.2325403112202802,1.2019316695395432,-0.38611277608614164,-0.7346710936768595,-0.45767699298843306,0,
-1.3353443587101013,-0.08310557262869477,-0.6497652268482671,-0.32669621318636405,0.29156367668197275,-0.684491730612797,0.00878844263207182,1.0152208918143053,0.9559358223307622,1.0714759302545598,1,
0.3801978510059632,-1.5047203740310022,-1.2032008553891445,-1.0425776946705763,-1.690671627606452,0.4573242810867655,0.05786404742675647,0.10798392072522883,1.1835491025816047,-1.1097501278882742,0,
0.6105857452838231,0.7600559636896026,-1.042044412243103,-1.17223375343664,-0.9784995458666064,2.098221474546747,-0.2655926332624114,2.6068591631497697,-1.1646633485123947,0.32324718753356224,0,
0.5597904479310398,0.08243975293450329,-0.48720292119492714,0.46436986354657417,2.7552177437199017,-0.13808233466148176,0.6844504776364279,0.19340636718971696,-1.2039136489663802,-1.5475697941363111,0,
1.0807807255546218,-1.4575514994649306,-0.3519213178165091,-0.5505519317084877,-0.30561061415380336,0.5911361179239325,-0.4211988166129132,0.05969188057973627,0.22525668198359955,0.20394385751599503,0,
0.8339221545489041,-0.30920907704986345,-0.7699960661974573,0.31635832153614474,0.7309589763762161,-0.10697146985848006,0.9764313771980682,0.10618291944021628,0.629360633428892,0.1929896417729295,0,
0.4591800792284367,-0.7521564055905832,-1.2961166642498945,-0.8852486861242225,-0.6506598273683837,1.9422455947562995,-1.1321491407160067,-0.6378086928599359,-0.2990690852300549,1.6764549619146627,0,
-0.07016571145864703,0.31917451041918043,-0.4561208274741882,0.18106274277108234,-2.0903028988531567,-1.7472216669652556,-1.0989162547281939,-0.057836612377593744,0.6792938199823493,-1.5649738934417794,0,
-1.6609609335159914,1.3404504460231446,0.18142662011397137,1.3032780373160637,-0.1702582467959055,0.094621044669358,0.6874267551265042,1.1277880271116458,-0.7101366068373821,-0.6008871758538126,0,
0.42961821913258585,-1.8751724696457446,0.5950294658355647,0.5861658003927833,-0.2656045602861052,-1.625544033562061,-0.0885442145830127,0.11397066812777235,-2.1146935990737354,0.8226824265741438,0,
0.20768768716311115,0.11502607914741717,-0.5574230531083212,-0.4124138182164804,-0.39987823866837147,-2.5065715705367166,-0.45389141615312834,-0.7934597298834714,-0.42390107233259605,0.33531725639730775,1,
0.27157883719537346,-0.1601327955666404,-0.41299782214343406,0.25719897035592737,-0.11464083550639245,0.29746205311781654,0.8900577324754597,-0.9250846204786352,0.06323214651310118,0.18030505133750305,0,
-1.2767485758203094,0.6713400764504657,-0.9266983088473107,-0.24066517453021302,0.26426827164563654,0.13949779614745886,-0.6072614140860845,-0.4502018916658434,-0.27583995989645654,-0.9561357029585392,0,
-1.0810565404082624,0.21319662823768915,-0.03143917037477642,0.007880184694728152,-0.15011695125380659,-0.28483693774220137,-0.20020125430036984,0.07386343441088038,-1.1586032636594852,-0.5908183480914292,0,
1.0531528533329035,-0.7519693317388191,-0.8484286341908146,-0.3256110521485036,-1.2640061679473638,-0.10619409003975315,1.3992279500711593,1.193586535476262,-1.8156489758788175,1.2450410082232566,0,
-0.03955515385665504,-0.31905393566661816,0.5731278132412001,-0.1643352058853912,0.4861847915619389,3.0982994340712575,1.5391423458106503,-1.3404886413664368,-0.5140888043678978,-0.051509193753927957,0,
0.6815006973726244,-0.796025856803489,-1.7858664919341112,0.21209335307417523,-1.9493717553224232,-0.2581751380314344,1.5723982102703271,-0.3198262778887562,0.8976557716497436,0.3753596961444733,0,
0.028318376130461172,1.0760071385985983,-0.3596296724524624,-0.9933586995819507,-2.0503574572842003,0.5101243612500749,-0.2821257769339113,0.14431001943507885,1.2561974394136823,-0.115188328776479,0,
0.02975613949574519,0.02131164867194222,0.3011073391917421,-1.0158788269899783,0.7391804947015679,-0.6493648196138809,1.2307029049844702,-1.8337057676294346,1.187713384138455,-1.1830855152497652,0,
0.9382838059759977,1.9011906857530074,0.18383451632250436,-1.388542553831211,0.5070202721353568,0.29523257504060313,-0.9489528277686782,-0.8335982829664064,-0.815909535148553,0.9338104260749966,0,
-0.5160447282173739,-0.060660813814620775,2.6930336639804966,-1.60027110450371,-0.05739536507403601,-0.23823367505561752,-0.906902874722061,-0.6798885397361863,-1.153706323630364,0.5032323845324963,0,
0.09612077694098337,-0.7084067669104628,0.34980002456790754,-1.2172826922204794,-1.395448504755072,-0.41051848272973,-2.350455852624361,-0.7959703738504983,0.49663461497989536,2.305636837367189,0,
-0.4622752887050425,-1.5137143926128271,-1.0040545968420103,0.15946250680412918,-0.7079109406740753,1.8188985322003248,1.67286820189853,0.1918895450216474,0.6351000115979253,-1.015581379650545,0,
-0.4344962274323156,-1.803139676255945,-0.09546424708907303,-0.8927875154918841,-0.262746747686504,1.177184963184339,-0.8639798490760783,-0.1605596095017974,0.40016960520049744,0.8225729212004805,0,
-0.30917212346863937,-1.5841359430054898,-1.7762463334664518,0.5136144642310962,-1.5958939685741134,0.13674664739923068,-0.12653257974705998,-0.5552861026010363,-2.0140632742377633,-1.3115439660370012,0,
0.22213377163371284,0.2671266510114834,-0.08059974929676088,0.03471374875256186,-0.7390286580232329,-2.304211935943967,-0.9103243419282839,0.427962626552635,-0.8668845848834666,0.15734656767307767,0,
-0.4787486216634773,0.5087250232299338,-0.8330560570007587,-1.9685042134380537,0.6523303381766798,-0.3610092232525697,0.6951652483301405,1.7230747176462498,-0.02968879028597843,0.9765065890631646,0,
1.2557561255735208,-1.5811907020321334,0.9153902755601617,0.6549755842216898,1.4273053642892164,2.7030275644050836,-0.37563366071734017,1.639256516741752,0.48721819463042715,-2.072135116096487,0,
-0.8946073022195039,0.8950383140761154,-0.5495402745955349,0.8107986455917099,-0.4194347526585506,-0.23066166663970813,-1.3048168904329494,-1.9227717720623363,0.7673073626024868,-0.20493247424160788,0,
-0.18687164416135904,-0.4830610516834395,-0.11676591579524663,-0.9938626748348534,0.7564883543160984,1.1032175720536581,0.44166256418606065,0.5770721838351396,0.14425352228204003,-0.5632097340426203,0,
-0.4397310582741749,0.14679301198554937,-0.6355578414044034,0.4201915428949916,-1.9140600705874673,1.4419424019526008,-1.4337300248102285,-0.17802329006383844,0.33078380653823597,-0.7019572982951219,0,
1.4469778843537329,1.6122206282554243,1.7388513518533313,-0.856498237409199,0.6594512411136115,0.21896391585597508,-0.8374057253154913,0.1551553428653563,0.08486545836110417,0.3852126522593542,0,
0.19655477651157463,0.8968393158655319,-0.3212427661179117,0.0976703767483354,-0.803948414727481,-0.8418216318681523,-2.106889114626081,-0.39828303354254857,0.685619374218483,1.1206857064225952,1,
1.0318445394686349,-0.2685306479058323,1.8325570434792018,-1.2644984069549656,0.30734561670797006,-2.4353123317828884,-1.4239581121976068,0.11758862988720224,0.312865651490911,-0.1332787152291555,1,
-1.485560373036972,-0.8911922254152874,0.8141517621182666,-1.7931064525345768,-0.24775241823970925,0.6841632086089545,0.17852916972047786,0.15140739607201872,0.06573766004728737,0.20548642756002017,0,
0.26705026586925884,-2.151815401329305,0.48206672733538614,-0.3828171896129687,1.3204140097838342,-0.8147560028235481,-1.9645360381029247,-0.5789517573489231,-0.26836879913738076,0.11430875305924776,0,
0.889630795623437,-0.7191533192424201,0.3687331473175197,-0.12372894627483615,-0.8744356483399182,0.17615045188769213,-1.4811457246217157,-0.8963675478251808,0.0812914250424811,0.0018035063564141765,0,
0.08228398927542419,-0.21113023882769444,0.39379729821625153,-0.39767969361460404,0.6276062975618311,-1.2498203395893641,-0.0023689161328080566,-0.4486956826194842,0.48459137883927483,-1.0893426377121063,0,
1.0654803750653512,-0.987179527151184,-1.92767257934561,-1.1840305582225594,-0.2795074632965335,-0.2652375404702022,-0.5436068960930526,0.23425926445676556,0.2674753888980612,1.1084446017228928,0,
-0.5172884501003722,-0.13125696709230472,-0.2788833941507565,-0.3998990621311371,-0.15830547800966377,0.033719054901053244,1.992036635959309,0.5989963416842641,0.38082641834525377,0.295195368158836,0,
1.40934744018558,0.07685188295876821,0.8451579711843216,0.269294752580734,-0.18385389315920966,0.26859358104429787,1.8338965460243755,0.8533489773401466,1.3427218613511855,0.39488149000257766,0,
2.2988981236192503,-0.22485598180807856,-0.04889718347410554,-0.04489303012253698,-0.8456731044941129,-1.1148221873524142,-0.8679224627511536,-0.49419002306691273,0.2651639227465874,-0.8065096290255822,0,
-0.36283856043965906,-0.6500025808234597,-1.405189846803575,0.1825010305992134,-0.014098965906671578,1.1969109487613523,0.5571376184034819,0.28384456730273677,-0.6489985204731576,-0.4592203979892406,1,
-0.4455025214007718,0.16865467196672768,-0.05240445057746945,-0.6701152004542329,-0.0626482221218215,-0.5968947847319713,0.7492825568794513,0.9625025919532985,0.883606785994169,-0.17613419771077837,0,
1.453384477117701,0.44194064956940904,1.7041055162554912,1.1717179147161596,0.2412402484067293,-1.6744694604532453,-0.5974788580244034,1.1655948951441282,-1.3661983376689175,-1.5341246934488515,0,
1.5795721457307124,-1.090399077442846,1.2468917155347194,-1.1761733365547806,0.08450514569286258,-0.1090234199634638,-1.4955415364982039,-0.05883285413152221,-1.0814133807392872,-1.6880343251976782,0,
-0.5228600271532683,1.41093237974627,-0.062004009366031745,0.4875602970867186,0.7979945496122363,0.03437530902646009,-0.012298449308057612,-0.2209317249396126,0.3358472647200691,-0.6007479306385678,0,
-0.42018681709585726,-0.09858813228426173,0.9514492770580866,1.1818910929599615,0.9235086160473687,0.16058943317175978,-0.17284567481411092,0.19112423383639218,0.5163966677865788,0.52252076644239,0,
-0.2817846088605072,0.018849622944847662,-0.36650702036805183,0.4809080927488954,-1.0506233218278012,1.3621324036850793,-0.4357644969706192,-1.1497074728974057,-1.245051223503995,-0.6531373899299409,0,
-1.344450511034277,0.7082144232565571,-1.703871586826719,-0.20252422706483003,0.868772500590771,-0.23644883673585937,0.44231686816448523,-0.19360951103550808,-0.38281748098675,-1.0188051975907135,1,
-0.9186519464841982,0.23321613126350166,-0.9244659881295544,-0.5282970466629792,-1.1863364271098544,-0.11961962436877134,-0.7507296070055988,0.7445863984731299,-0.6060838322196587,-0.8146856532376702,0,
-1.0041407667520679,0.9531366339132451,1.5628887685081978,1.036087651046256,0.587855888137735,-1.1031843812330935,-1.151997547579143,0.6419471294437011,-0.48667632288159673,-0.4553424231453126,1,
-0.7677975651041284,0.2871241652018242,-0.2739930818293042,-1.422974925261673,0.6197387847028687,0.820553502887897,0.10908297034983186,-0.270267604363889,0.9435977762729458,-0.35385896282010376,0,
-0.03468488738678118,-0.6124373746404379,-0.24338397937501807,-0.9701242603796436,-1.911316891662504,0.18430906407810346,0.3859700925688759,0.2177182010871666,0.7065054635472527,2.1655214522065567,0,
0.23421473253652075,0.36150352520610163,-0.29983819627488056,-0.3975577654917214,0.09297924652940966,-0.42002772729416255,-1.176644943900053,-0.8246503402906875,-0.019122179853707483,1.0546206284873183,1,
1.5505004928140769,-1.1437262073206618,1.904136589573007,1.2376537575119981,-0.4684961133603157,-1.9046746934654637,0.9280906109910811,0.7034921482250248,-0.5459619271149279,1.024774112281728,0,
-0.998354040738791,0.10855970577652314,1.6259589153620633,0.37976763604089603,-0.758765257935375,1.4444121950550874,-1.770481137776078,-0.07782143613647309,-1.3496496702201406,1.1685803642733814,0,
0.9843223984765838,-0.0332299906444608,2.218780233448134,-0.9680457585102453,1.3508523306990055,-1.2276799644560572,-0.5781134587156433,-0.27595145169613816,1.4201849387819487,-0.9988208693340495,0,
-0.21398884422550896,-0.2081168572725397,-0.1590452104000513,-0.31030770538490365,-0.6536791406374189,-0.5912780093697056,-0.258008536197609,-0.3617238360933866,0.5921139002849184,-1.2223646149872391,0,
-0.04946370965243295,-0.12853751143893075,0.29562448874709507,-0.6143231440962944,-0.8063769291180498,0.35834451107600324,-0.6362237126519298,-0.0628938668998582,-0.7066691040731404,-1.1068702915340567,0,
0.6748194921666038,-1.881849045497639,-1.5166425494207911,-0.7097889922335351,0.07569494000509344,-1.1965579286166865,-0.5650604735511925,-0.44787764493195836,0.7195994976248915,1.3345061333378379,0,
-1.1227220215622986,-0.5487249077409615,1.4769344261182744,0.9788895585567792,0.6855897462984164,-1.4935097782531435,1.871074482308114,0.6581430360025633,-0.07022362057462567,-0.547191788882491,0,
0.3824097461840506,0.09284490114111471,-1.167779551267935,-1.3717431292635056,-0.1416485860101269,-2.123947582700665,-0.8508840890388987,-0.3952835480161807,-0.2871095048623429,-1.251356182239287,0,
0.1664522082130561,0.15985639199740037,0.2167755637626291,1.6087808557343735,1.1663705456692521,0.7209969529056358,2.441221722471914,1.5929640960273812,0.43521152828960236,-0.430996200219813,0,
0.4924512640081491,-1.0276751409259581,-1.097302527632844,0.8282296901846228,0.5309756619640905,-0.5451862447263219,0.43712677973105185,1.465210503481381,-0.741498249912725,-0.23860553171462742,0,
0.2891686439078181,1.2657078408647007,-0.5888668267386961,1.090861670603698,-2.1782113197314303,2.92727009247333,0.09205513731199198,-0.8915434898545047,-0.34375651951011005,0.26841327369456214,0,
2.4553001399108942,-0.8661748482145009,-0.8372624310497003,-0.4629395120252583,-0.5294669635070083,-0.9943550656308734,0.4762403533876659,0.06970426942928022,0.12146106419954589,0.250951020712043,0,
-0.637739984251316,0.9694572005267368,-0.6078752606758179,-0.14994071907910936,-0.561842099351699,-0.9214510234289213,2.5299277492519523,-0.650656621336195,-0.49945119288521345,-0.8281805638735081,0,
-0.5309969550018176,0.42719436187168486,-0.5391227031489786,-1.433151814524712,0.4793609534294223,-0.5653929702854015,-0.993593003931448,-0.3266475631886115,0.669085210267524,0.6856563925137109,1,
-0.6231405264247644,-0.646227309843803,-0.5482687949250771,-0.524662407066803,-2.624817056374112,0.2431346551384891,-1.1204179189363892,2.002427467644797,1.8690665036782608,-0.6391935337501581,0,
-0.5554771191602547,1.775310892609512,0.8333339117803071,0.4936548476431509,2.549009708717722,-0.47020333878531134,-0.754866196571921,-0.3075714171157992,-0.7542981326071427,-0.15627633670504304,0,
-0.6373871273065177,-1.19363683175648,-1.10486279306252,1.2960630617813962,0.53102609489421,0.612332214002512,0.032143146964560894,0.36022603707742873,-1.6651252963040444,0.686774070503355,0,
1.1890165311075518,0.9191541736100015,0.22054142701386686,-1.1071568168024517,0.1488768039176911,-0.9785883899886544,-1.7257711248125733,0.5413212940082783,-2.0017401674762616,-0.6418214039443414,0,
1.4205042479898549,1.0005823180429783,1.2179591523055584,-0.36550593698526584,1.1815677164191463,-1.381591718463581,0.02233923931860801,-1.0006293724832407,-0.15046814149498222,-0.5693514235811376,0,
-0.5707462937494763,-0.6706202090766449,-0.513196364513396,-0.15129922023252232,2.343654052812625,-1.7982147394091075,1.693547133413672,-0.8550954744092049,-0.6631645901261828,0.591668049693131,0,
-0.8323555731042287,1.3924653000643288,-0.7179188907476018,-1.3957892021924851,0.8707466445884032,-2.2235741679371968,0.15140739062477757,-1.2060223714081189,0.20786050106708062,-0.8577331766050195,0,
0.4714155563864041,-0.2500465145989528,-0.23052462518025083,0.5913492417584003,0.94881309647162,-0.5180690194750568,-0.2926854589752769,-0.8859707338977769,0.13259767202610107,-0.38479202360407067,0,
-0.5522230442809712,0.28869362927985703,1.1797252083607102,-0.7239903317426091,0.13069002446438233,-0.3009803123932219,-0.6181604486836274,-2.8500301093171823,-1.6032168466140961,0.5557421780428925,0,
0.6329318177555108,0.2603218387712207,0.1941076309533577,-0.19539035117702397,-0.14152575336694828,-0.6314370274831833,0.8985117045515645,0.5445824007936281,-1.814883829481406,2.054092441435975,0,
0.2029230208512997,-0.1343087414705478,-0.5312142946075985,-0.4519493719118777,-0.47579544400490115,1.243405797187162,-0.8258327732380476,2.05419384125607,0.29593324034609525,0.6054045047627467,0,
-1.515744114997232,0.8108082731597821,0.48387665118803974,-0.7893385057196743,-0.8261119917145421,1.228030209608135,1.846395920599248,0.14782073903652695,0.135428834719957,0.47263976299001165,0,
1.5475052013300616,0.793488720552213,-1.1022921498364233,-0.0070449854805546995,-0.6870140996994973,-0.3348029874445019,1.9333597477143571,-1.4162688593406074,-0.42581799836655126,0.5308015836727296,0,
1.7958776730955217,-1.7485319732381808,0.681359510442948,-0.21560957856802238,-1.3505559643429832,-1.793921113191963,0.25675079866178757,-0.642776382899948,-1.6571435851323046,-1.0731902740670494,0,
-0.6127886904843862,1.3043402428781525,0.4086073077017676,-0.37185788227866556,-0.07587145068502332,-0.5667051080550528,-0.0115150880766451,-0.4588768450249969,0.47139126276499077,0.115596738679908,0,
-0.38770155993598415,-1.6624919880356743,-0.3078084711388841,-0.7284616216803428,-1.6846675772263868,-0.5998213939170615,1.0306598082415594,-1.0175847772133757,1.2718995454239435,-0.029766488336401747,0,
0.28586539072490497,1.0325462043416573,-0.838585798447231,0.31952467078295543,0.1909165241437107,-0.657134962278058,1.0947985022273252,0.8601826383951566,0.27798244021892227,0.32158454037275613,0,
0.334456789987025,1.1267051368275833,-0.8866809222834573,1.653617268492285,-0.03633060804234174,-0.6977189038982449,-0.8059917310594155,0.8102600443753338,-0.8474738905650646,0.11650805247587083,0,
0.6585442726728304,-1.0909664302151982,0.5348173363459102,0.13988723283912738,0.14693529838668778,-0.6534628957248072,-0.526555133136702,-1.1554517938176596,0.04455216557115131,0.37969967741711247,0,
2.0102045387663496,-0.4108142879545848,1.2289805024890619,0.996118214911129,-0.5221315700199924,-0.38654161589775976,-1.3223474346832955,0.725081044447508,-1.366114080933685,-0.31146719489920155,0,
-0.1769472274940494,-1.1057046684859357,-0.6373077470287948,-1.3902219251534627,3.0768603701805035,-0.6355410988155566,0.4090649383340571,1.5268126635772652,1.0579607138387925,0.058608917371792725,0,
-0.7982972445384537,-0.21492103028873533,0.45838670355148425,0.15776143929376948,1.360115900180313,0.20832250862559215,0.6666278834568907,1.9025582052295598,0.08184433452953882,-1.227828566056992,0,
-1.3793192280145272,-0.30803428418574125,-2.0870270186020687,-1.0973683189710666,-1.2445425000847228,0.3603687159048611,-1.349925637861273,2.8652120230859626,-1.7681569117532319,-0.3199072780029138,0,
-0.7309300399419191,0.7796605322693398,-0.5846177306571996,-1.4769249275319014,0.23286808742689824,-0.9106450871824898,-0.4551989048161591,-0.9019926494431975,-0.3006743604436826,1.3908335481766434,0,
-0.033126972873797095,1.3103087461196083,-0.031058932870901952,-0.7393714074590363,-0.6080061429373236,1.2710653260070335,-1.3472539175813492,2.824220426395203,0.46330151023423083,0.3188083396282559,0,
1.7945578635177877,1.395683810789956,-0.9096834169818336,1.1918993344135729,-1.014479726707414,-0.9800623018406142,-0.8987998102438376,-0.3542063885087883,-0.33304762097552243,-0.020921037383076883,0,
-0.5176112990361714,-0.5621680265783021,-0.936506374789596,0.9500158286696456,-1.340072071123935,-1.6178006138153371,0.5510170602262995,-0.5924654553805143,-0.2758957214401739,1.8961232762543467,0,
0.2237879516388985,-0.20922187374452778,-0.6677795564688862,0.24300472205439969,0.43221669075925395,0.3807780713650517,-0.7334820666782794,0.3270723748778453,-1.2244022070472718,-1.3608349783010791,0,
-0.016422896072752075,-1.6834381922209503,0.29219272832637316,-1.5327005598899308,-0.6813802350695739,-0.8174081344143398,-0.30082595603229867,-0.5820613340930124,0.5665409870816561,-1.1094555554462198,0,
1.188393273448084,-0.8058700664961888,-0.1873290184063747,-0.1962806513879368,0.9678260240252041,0.321291470757388,-1.6273117279473155,0.3990441406465261,-0.6484692000191374,1.7127114112762727,0,
2.5269324258736217,0.9648516330974576,-2.238231233324972,0.30170000890173554,0.993782214530439,-2.4036686011005304,0.1869902097246643,-1.3200771877373016,-2.1564453770050327,0.04596093604893383,0,
-0.5308687729203206,1.6155828235482317,-2.120700152635066,0.1755362295785979,1.3739143852114495,1.3924559414830675,-0.04427331984464883,-0.23875260206343432,-0.3712573706703938,-0.24258303628979377,0,
-0.48943944251822213,-1.234348871879922,-0.6068651778571754,-1.8437935834807457,-0.8523867660741036,0.6722934080404022,-0.7289592500331622,1.2855822343616794,0.981149715570353,-1.1992043250956432,0,
1.044160877069072,-0.5924642591528942,0.45768658605355206,-0.8903178480198718,0.4753656106920102,-1.5004765491630017,-0.18901429768247416,-0.05706129143115594,-0.3869294465999474,0.44769626639501187,0,
0.6818914896263114,-0.02640575695892703,-2.7475048427252347,-0.06407776414871663,0.6324542166423008,-1.4787771238462857,0.1802948805034444,0.14159578673988282,1.7379849851235203,0.5444598695274623,1,
1.8467073257360336,0.2801611588196068,-0.4997301761516306,0.5362909095171899,-0.47417817510396487,1.6722659040975276,-0.8148681489093441,0.4752586047173115,0.42896794854851705,-1.0944943608348963,0,
0.5839281853259639,-0.8096035199216461,-0.5262478565174211,-2.1961278210999464,-0.7717719573928751,-0.7373799034979586,-1.4762625440017794,1.1706616293176602,0.3387581622803661,-0.14027558555042832,0,
-0.35929209078705954,0.4240610444640897,1.3883377782084478,-0.16212397547985843,1.6095206657759729,-0.8341848487326238,1.8055744326868153,-1.655224712189433,-0.12839826591760886,-0.33551583203306606,0,
0.5906548306923093,-0.47383934707091613,-0.38502181171286365,0.14304876987895235,0.22749587573205374,-2.2660520941492828,-0.6332727047102726,0.5845240518374347,-0.06828620776429063,0.25597714641877106,0,
1.1087035805829077,-0.014452270878279104,0.38298898474092846,0.8496119885162131,0.635967750711738,-0.35077820560155415,-0.09676010318688932,-0.26813913924176325,-0.263423635119504,-1.1192502422206438,0,
0.820482181197364,0.5462842480036996,0.14125714008746323,0.6928575842374367,-0.8220760118279274,-0.22771961483575284,1.0108397350203135,0.16663789531183854,-0.30226939208252646,1.2519474545131573,0,
0.5072740311072977,0.0064222698109378164,-2.1305664798072006,0.5825713188088052,-1.2192844665221938,0.7154930967694852,3.529055187570484,1.0599501697623763,0.5308671620671488,0.9158237815976042,0,
1.066674689589154,-0.4363858905265686,0.7682072166317373,-0.7999405067019342,-0.5694497744921104,-1.3990784281844755,-1.2444864498888657,-1.1941866514118442,-0.9358312297905655,-0.36317555873281615,1,
1.1692955904456728,-0.10960980392583083,0.21539650545628794,-1.9080021371233076,-0.12402138738999703,-1.5202867922406096,0.4498272137265099,-1.0126444414430895,-1.0758938287242596,-0.2164187116383712,0,
1.3821589910375272,-0.08836295920533532,0.5082686396745896,-0.39305275706140097,-1.0642200068173489,0.45096263477647686,-0.7075522852941063,-1.9354299597138063,-1.1231950508753776,-0.13642215027761603,0,
0.6487098875896427,-0.3700110298821277,3.9262377064363267,1.00163182520856,-0.009844808650383004,1.0067300712270648,-0.5387903045767108,-0.5491589417637764,2.045654547677154,-0.7783085530065034,0,
-0.16711808031685435,-0.25879606266710237,-2.0841129394985884,1.3934545275244314,-1.6885051880685,-1.571152351117883,-0.7202120210067899,1.3304323443788164,0.53034290167058,-0.4434294182350357,0,
0.14671368643332283,1.598647170504717,1.7246966497611085,0.7105491022977853,-1.1200474224698722,1.0815140862997412,-1.125654967800585,-0.12058718847346953,0.3044922016801448,-0.27027036767460905,0,
1.2065089665083568,0.5609194479412387,-0.28744751940035557,0.42934082280173436,0.6709112482768751,0.03754184148682145,-0.04129136178466144,-1.3401248956547858,-1.0575146702934315,1.612868370707128,0,
-0.8169356709872361,-0.29548031802916036,0.2873289044030093,0.3796396483859655,0.6037905202778941,1.0918053390746456,-1.4745026870482356,-0.485678744575047,0.6233423006748285,0.9466183083304367,0,
0.3686733088729012,0.6969544045107356,-0.04551224530124217,-0.5561187467607805,-0.3918767653868664,-0.07022036151761657,0.9468075665118705,-1.487861703490623,-0.11657134645332866,0.9346547073366236,0,
-0.3933388123273607,-0.33381948975600995,-0.4242363333980435,-0.13006029355362003,-1.017764309076953,-2.5222779174879504,0.055002936033374625,-1.1251861017311617,0.21416894113174983,0.3699256130043903,0,
0.028744822934817487,1.1731246375866413,-0.5698329282387588,1.669069525826331,-1.027403551526011,-0.15196738231603887,0.42243497290143983,0.3888189102637133,-0.976620315863556,-1.1173270089312346,0,
1.2784518626072987,0.3696421921980939,0.32950873557300914,-0.9425580057918763,-0.3732682459413141,1.06014381867127,-0.4661886119462229,-1.1738733263060288,0.1602688574175767,-0.041491104577379236,0,
0.19109906801990334,-0.10730214400422888,-1.5171736966716791,1.6147787907098514,0.6445184916452914,-0.8937460190837143,-0.3672039342117483,1.1126343052033019,-0.4238335382064832,0.9704884596133799,0,
0.04643654815614881,0.4477169258102776,0.7505791675217656,-0.3220281544920584,0.9282456913443246,-0.3879649689074522,0.2875639051673281,-0.071120290830336,-0.7656111570301878,-1.258264629367288,0,
-1.3598561409799192,-1.5708761520684993,-0.41619440488525394,1.3254321090950785,-0.49653173548196905,-0.1761335035509783,-1.1640506324058255,0.08559470394452544,0.7341063358072487,0.6365532068732643,0,
0.7462535660272207,-1.1267674689098053,-1.1300693390403578,-1.4068150094975382,-1.1534924259847839,-2.899513879868482,-0.35799043441333583,-0.27837296760789404,-1.5377078085300024,2.322609225262766,0,
0.6454841811410754,-1.1939250063990554,-0.4500128579958137,0.5859042011646491,0.2678436378663333,1.6713475754374763,-0.8596135138784541,0.7728478385437232,0.5647762643141505,1.0618166459897318,0,
2.16325472330546,0.14294309476370676,1.2571492168625729,-0.736770135947622,-0.8235349706258495,-0.9013756798971745,-0.8905688105910143,0.7831598877770107,0.6844861335529961,1.4140291355619874,0,
-0.30777823495300083,1.732514999485092,-0.5353350870162231,-1.4152671919241875,-0.5182526388612024,0.505735432472799,-2.1098382406256415,0.3350543519121714,-0.8796436755512407,0.2183387504421607,0,
0.21915032766393897,2.2313001461926323,0.35845361820962024,0.21853404241094568,1.3252760904370375,-0.08670113614820872,1.3393265894799997,0.5647891059076481,-0.8203284611324674,0.9679319487649898,0,
0.24938368371075526,0.6380511014407572,-0.7309562757154733,1.0094717885959688,0.827115428565768,1.25761905635936,-0.6865387531537689,-0.21208966992042563,-0.2230256812664022,-0.7178532143540355,0,
1.5774532797634744,0.5008444749444569,0.7579218499236196,-0.8449414385934964,0.1579743122514517,0.4060561224280809,1.1633760551635501,0.5422030069090485,0.28203621046222055,0.7958638123412264,0,
-0.0952955323869521,-1.801057734152739,0.6855077387902041,-1.4990159604584012,-1.2719190011127228,-0.23492427152097461,1.0687923213942923,-0.33787777547380676,-0.1528549918142255,0.6543881340607632,1,
0.27902152577033923,-0.5426737997340217,1.8486088332964115,-0.09184476433495513,0.2113965674706589,-0.8935150925192802,-1.2859997065164936,0.0022316221624020006,0.4335624601918793,0.2899111740376629,0,
0.6078965097165392,-0.7877837519082389,-0.1755639454992155,-0.08743532877718108,1.0626572907875265,0.7978507013821389,-1.0884112356728457,-0.27464374936629743,1.762979652537399,1.3160074197184983,0,
0.1866091231563581,-0.620847598251116,0.6686548047579066,0.5483196275544987,-0.3756336657655356,-1.8734413039546167,2.560502959355684,-0.4572185393191959,-0.5077167691497139,-0.5387848378473886,0,
-0.44643361455052827,-0.1681438185847896,0.09806753953894455,0.9495945713644882,1.3511140899867151,0.6458904202758925,1.7509259419271435,-0.6891117977217902,-1.7151799707034205,-0.18705751647366262,0,
0.19408999289830758,-0.47209057769712737,1.2958717818630143,-0.059415181272494094,1.292745289518207,-1.0990447515548727,-0.03151851332810415,0.4676901038588855,0.8259235830306532,0.09546204135829657,1,
1.073631749859772,-1.9792998103757877,-0.7188323876087304,1.855503314794263,1.6637328321434735,1.25228366195664,0.2573731064173494,1.3106059128134633,1.6833145759275296,-1.0296109710894006,1,
-1.0265152994110602,0.7479102561175338,0.7450053128772811,0.22423474453529177,0.30524312653135294,0.1612995426626951,-0.6308464029471887,1.1711019716695594,0.3927683630511244,0.22693194380024787,0,
0.132969674146876,-1.0727430257398065,-0.19469729611668168,-0.3464265060068996,0.5873916998060122,0.6441237678501087,0.43235271420033994,-1.2565653359454354,-1.087748675353668,-1.718930412953847,0,
-0.7001208149391732,0.23924686411114954,-0.06418817710849775,-1.611567359102828,1.41418728833109,0.08198881382471937,-0.7171819007224715,1.2892030514068733,-0.12389236323520093,1.0469545344282092,0,
1.1950466289248425,2.0740826697499735,0.09175248444837286,-0.26265952031616774,0.4473939370689756,-1.7523770951409967,-2.0323537642983847,-0.31815850161792886,-1.1185234842116323,0.046637366565965746,0,
-1.5231869047837747,-0.9193845915864234,0.2522403964266774,-0.33638694541113623,-0.5012341077902127,-0.8607291633953384,-1.321555786511051,0.6007330151455916,0.6428554939629476,-0.5208929039037633,0,
-0.5589218472715883,-2.5302875227463297,-0.11622904312195817,0.9603047962814704,-0.44854283652786137,0.6723893376113824,0.021092747850587245,-0.906215332047211,-1.3512904026984345,-0.8343736122951215,0,
0.37721187506452086,-0.2860042218801108,0.21471318317052634,0.46248362406685406,0.23855495377373917,0.166655817359844,-1.1310672355025877,0.14197991387400533,-0.3001287868282,-0.23457902961918758,0,
1.5655240292343404,1.100959634998571,1.5781180575621845,-1.1793691216326172,-1.2905614219462187,1.180989905305672,-0.06727746491353453,0.3137231828969071,-1.0043378262939064,0.6882597107724135,0,
-0.0657502610729878,1.9583474542205939,0.9854496856152184,0.1722543864110375,-0.14325891536419263,0.40327456303717174,-1.074661039432863,-1.4846047919196528,0.12682468513496187,0.5477389787375606,0,
-0.5551995266931984,-1.2295495944524168,0.8691545924968965,0.6715311717290534,1.0965471182302537,-0.9667018907026598,-0.7823539225019935,0.6082671663441893,-0.36634167713775767,-0.705537947278461,1,
1.8811570694405901,0.4966992232365217,-0.4555395260238707,1.5280313593878327,-2.191253851165281,-0.796064137720634,0.8531653064131918,1.3459350078383152,0.17676210325026384,-0.8460396726276345,0,
-1.448013900416244,-0.46531045678005334,-0.8892408282283243,0.8875039674140593,1.534482101794515,0.10291739052323721,0.24748054764010466,-0.17464794568162792,0.02235055496636566,0.6568987063196474,0,
-2.198805956620082,-0.10594835430413566,0.9553005582377528,0.7608466543114778,1.1223742187031596,-2.3140440660001054,-0.009664421313347188,1.360168130828013,-0.9866590277241104,-0.7223474046150294,0,
0.4400144500533324,2.6443433470170348,0.8760467925297942,0.06008599461516361,-0.4597646158304763,1.6734418856229851,0.8789639730706512,-0.18969349345240752,0.6268770635290218,0.05990977407950356,1,
-0.5020542243526112,-1.5029703283951532,1.472670675750982,0.3883120054234496,0.5433908278718096,0.44174673637755724,0.48060859334734735,0.8495845310466172,-0.0487656518431153,0.12375464252427706,0,
-1.0212328171307132,0.25373966149457344,-0.6039806259692295,1.2495049007061587,0.003147726906326633,1.2270345970488723,1.4465632912513675,-2.2185699659510996,-0.9885290078659005,0.3120621317267384,0,
0.7083564472993533,0.4676931717654332,-0.22954865536034708,-1.3327773974796497,1.229990368438683,-1.580603940809169,-0.4598592623151402,2.4187777793134635,2.2409265562057925,0.8582704301818718,0,
0.24380071377119883,1.0857863249393471,-1.6394841625254342,-0.3494393272169559,0.9826831427699412,1.2445651603552557,-0.4296349785275087,1.495458245242957,0.4764301667171248,-1.2629629368673227,0,
-0.5640786307367284,0.09798315347089544,-0.39247110606087293,-0.7725687487562407,-1.4000707231830092,2.2314989110277486,-1.3011092663913453,-0.2846255042536789,-0.15326055339930547,-1.9111593252604877,0,
-1.2803043986708944,0.3080505395041023,0.9965705105794472,0.3791531187261241,0.5872624134641767,-1.3208783553773176,-0.4289807173724197,-1.972089026643818,1.4152045267018234,-0.5674472812283516,0,
0.8724573282801447,-0.3916485674217911,-0.46649537922819795,1.2302221756507876,-0.20562785364324765,0.7714017949037666,0.9647698943024456,0.28802836830548917,1.8418156093866072,1.801528407832186,0,
0.650201177958661,0.26912694124510733,0.6404797952008238,-0.5969742867210739,0.0828325705180999,0.0011099446872931465,1.299987372262134,-1.4439255470737569,-0.1453494223138852,2.0221741000873785,0,
-0.09917586377938291,-0.3431922754974105,-0.19050310599781134,-2.390304367469438,-0.7281719009698155,-1.5444338482482443,0.960305168086668,0.444853537557488,0.347397486434762,1.8311771355658875,0,
1.8466369960476658,0.6215718898560508,0.32405702822156063,-0.41222074502447015,1.7481370691208353,0.4928839718518698,-1.7941918665494363,0.4115657191642819,-0.9880028180029409,-0.1929813677606896,0,
-1.0700847663261526,-0.36961033604363397,-1.1476913898156673,0.9134737320174066,1.040061819902576,0.8336032048373484,1.0831452126607344,-0.9414031690020248,-0.1471927507680115,-1.7821150819848288,0,
-1.5255251709247388,0.37710039390218647,0.08520944963390106,0.5376299029498797,-0.7397711639729673,-0.6011265526688468,-1.8385186232720707,1.1209670236143776,-0.19906255375986986,-2.343039101651841,0,
-0.6919080698812444,-0.029262813684978354,-2.9911359709007233,0.4281862478105761,-1.3346106069102326,1.1659165202552229,0.8981173241223475,0.8055747028061735,0.184827033621654,-0.6140381615494112,0,
-0.045586016355497805,1.1260502507721681,-0.18689615816198485,-0.27999330187447974,-0.3856726309778482,-1.6667634067891977,-0.3677845265710552,0.9758233372885634,0.33276047863701036,-0.19807363014936016,0,
0.24333944932269183,-0.05139372358848624,-1.6304732437151401,-1.2790307362197864,0.43450264609130573,-1.4947561464496442,0.7025333139338557,0.008857703668895378,0.5598284488280599,1.3006254010559588,0,
-0.24123605785632987,-1.7730324682068814,1.205994516546816,0.5152943216244674,0.240205843946223,0.13659739558875236,-1.332448347894566,-1.4155240669137066,0.23764265629995912,0.8678054595424457,0,
0.3520553965142968,1.2619215007139917,0.7774073527645112,-0.8342818100346248,1.2531328247682434,0.025385277972271716,1.1711676327061467,0.9778722722111376,-1.2107426266291645,0.2274050789916206,0,
-1.251539424190444,-0.9057323008626189,0.46667098196608103,2.184096733380456,0.7899197221808523,-0.7165734884241052,-1.464974746104889,-0.27037139913579117,-0.9384671057410849,-0.8898447709411417,0,
1.4437646040732595,-0.6537663386488198,1.52100622715938,0.570507208354516,0.9695690257529068,0.8095944359718859,-0.6684549108531777,-1.389780143192669,-0.546407619463673,-0.9607795582448903,0,
-0.0821511783925688,-0.5956612940434921,-0.9489165208248372,-0.5806483025539511,0.32685540061043733,0.5308943142159493,-0.9980946277690352,1.352039365974326,-0.2822405919232288,0.2541276870714354,0,
1.1172958315881276,1.3744380931708173,1.7473631979155582,-0.6113852473886282,-1.3892987302109903,0.858139070934016,-1.754284852822499,2.0994075205025093,1.0507742904721133,0.6970509788397266,0,
0.34272534637770413,-2.1356742139786955,0.9321915642603847,-0.09294420661358828,-0.19569853114690144,-0.1231364353522676,0.09452756758846836,-0.041248128979203026,-1.162938986852913,0.39188126224558456,0,
0.4567532191537839,3.1377485336599937,-0.23655528721894603,-0.23950192202174977,1.0600897399086655,0.6025802679783409,1.8060891178369614,2.159121154603292,-0.3574150481706999,-1.0345979596066548,0,
0.5697672802322039,1.0560568090660518,1.1356201471829441,1.1168337755299542,-0.05152292852464606,-0.44565030302999453,2.666905222320009,0.09131472861134962,0.9530094982140498,0.6506676287920862,1,
0.44770856001731496,0.22323891412915967,-1.1062935124116342,0.18641616974404632,0.5030903686237468,2.0538186900865956,0.09715578708624777,-0.38045590416635117,-0.29987747449661223,0.4259109671014114,0,
0.6427227598675439,-0.05489400061628639,-0.8245141615276735,-0.7316317389085281,-0.3187483152461331,-0.8125457701219858,1.1166812750675223,-0.6304584541854775,0.46041564984282407,-1.0706664061901783,0,
1.3291525301324314,0.28555407485765694,-0.6085897232397004,1.8904406851557827,-1.029811848541845,2.105297429458312,0.2320946379285372,1.6370824079927424,-0.13954204292790354,-0.7843209703002557,0,
0.19652116970147013,0.5211224283793383,-0.5289777080640152,0.04930833152022263,-0.12334406404611045,0.034887947089408566,0.49888319476821275,-0.7801438813877718,0.25678325732472285,0.6884959745615665,1,
0.7090037575885123,0.645215585950057,-1.0565576427602528,0.7688396759688968,0.3090474430326539,-1.3755108895687427,-0.34214865112723886,0.7352693099749874,-0.22847254380954055,-0.23450753514589096,0,
-0.08973569428722672,0.5556044660034485,1.223083067095325,-0.6082265074447593,-0.6556877194614437,1.368079350488601,0.19507692542260213,-0.5591638350592083,0.667065472728354,1.5891473016364572,0,
1.4401172154494728,0.08958068125524882,-0.25885440036983165,0.3631156277445234,-0.2357112448566685,0.125901388394959,0.5374787046064285,-0.4603067625743631,-1.5450564074064352,0.5011292760645764,0,
-0.6763923020592697,-0.1973384203073261,0.35250496835687956,0.3111099911431952,-0.9394632419859826,0.851124098380238,-0.5784597288763313,1.030249693969567,-0.36331200838854505,-0.48663118818926915,0,
1.8009404329108156,-0.1512732836535117,-0.5703513664136806,-1.889649292096153,1.119244917564096,1.2238559185425932,-0.07749429989298792,-0.38003684628935364,0.29657267669430815,-0.01020560039093268,0,
-0.04015795064434341,-0.194908280352681,-1.8206033005485172,2.01527511046064,-0.294455757588034,0.33795555414502526,-0.05843011899748824,-0.4047953794202932,0.533695248006193,0.06338339263771817,0,
-1.4307751021180481,1.1337700968670645,0.2700573583914221,1.2906444609225471,1.452755545126183,-0.5922408448128146,0.8264033173305246,1.1328046971748071,1.4929526227538277,-0.72839031324171,0,
0.12810441491078928,0.5935567222808619,-1.9122549754197768,-0.39719531614598763,1.5287478505409084,0.9757133776692501,-1.0660321716276806,1.5973972932216232,-0.3910246668655764,-0.9125881981776266,0,
-0.6810516574748808,-2.9403886346642802,-0.06863404608546861,-1.1022697404558555,-0.08104596472174376,0.000755507454595548,-0.05154220860765155,0.6446898032842333,1.4794817618608729,0.7013898938094993,0,
0.8406435489887241,0.655900776529761,-1.3683150388328105,0.347561613803552,-1.0084487325473497,0.685857818608419,1.9120054690526975,-0.6547697756239492,-0.6590238266596705,0.8452732970420956,1,
-0.6526239793023909,0.19473619471877485,1.987275999230808,0.08669769941439658,-2.0858978777333372,-2.1537305737914614,1.1640601525859375,-0.5106084992975795,1.3286464115446437,0.6037814695529586,0,
-0.4461834332147797,-0.018708756445897416,0.9113627221747217,0.3556689485632294,-1.4720370730267915,0.4469817170098519,1.3491790488887052,0.07991526374003749,0.8174671266983724,1.5153180943238018,0,
-1.889540730945531,-0.38851845308888583,0.10575379127148042,0.19157739619408962,-1.37383482489866,-0.6385858251450302,0.02443184017803416,0.32093006192565754,-0.9134585796322228,-0.5417732360116019,0,
-0.4523063192490767,1.1241127199860135,1.2637066776546686,0.5062409893059261,1.3784696274615047,1.6533096371785305,0.32099756368602317,-0.9878659101397719,0.30703923725182186,1.6742707660711302,0,
-2.4238793266289567,0.9475264621228578,-0.8463159774657358,1.4473056993918065,0.1158245872269461,0.6230873478890951,1.0022361667029254,0.7230379395798638,-0.05123583553219154,-0.9009211185541528,0,
-1.5839028234857233,-0.7728776678236091,0.543479378670093,0.5681032051286461,0.3896045240919878,0.23985774584929662,1.5602555295309308,0.08551332963959903,0.6255845936750005,-1.0126855633684928,0,
0.7604146561442974,0.4070522871245351,0.1998104337187135,-1.0496554989099411,-2.220421008935126,0.48630999335022157,-1.9516029128828867,-1.7157083186381294,-0.22327158843330958,-1.7599588821492502,0,
0.7858001586508322,-0.971656734541286,0.26402008133367,1.362562852712452,-1.1979664292172616,-0.9984408528767182,-1.3154413070498456,-0.9289264824607304,-0.3072462256617315,-0.44579531382681703,0,
0.42545756178496474,-1.3796181647889305,1.2723535001067678,1.6406145634882874,0.887079776446287,1.6232566905280539,1.3094441014026479,-0.5041286736516637,1.3690945827628513,-0.5037223368294537,0,
-0.966976143129213,-0.6267172245899651,0.7324921027798023,3.152056734512085,0.2867741123825862,1.9913704184169045,-0.2768893557688036,-0.07285768884105508,-0.09872089445567296,0.5259372802546505,0,
-0.047711356141979855,0.8623934723827588,0.28872366282502326,-1.123494033239598,-0.14720527868559727,0.3929135105482163,-0.6717207892580773,1.889278795503996,0.8264223241917663,0.24389094162045094,0,
-0.0036025390905684044,0.9531250453760867,-1.6548874362282961,0.242882013150275,0.5648423586001226,1.5904035685736386,-1.2541609869956039,0.23817130613962828,-0.22535148504419977,-1.1929733710191368,0,
-1.1583646891925428,0.513085420097293,-0.9600462952794637,-2.0820987031889873,1.635797806135815,-0.5691481986725339,-0.5550167015441094,-0.8407718898986251,1.6666632592275232,-0.39272623842581755,0,
1.5033983017671506,0.7250957868479971,-0.12270893359572414,0.5531491563792091,-0.22104246353705057,-0.7971135662249808,-1.4023692834238248,0.22063080430716323,-0.6783346293354934,-0.37146202108768545,0,
0.8773622905756714,0.5161782871149584,0.09337237427665124,-0.5482002981667726,0.06936980265806943,0.04092474872892285,2.091094272732477,-0.35208774745388094,-0.6141435312471847,-1.7759822469618927,0,
-0.22096417382966393,-0.6414815952229522,-1.1302037246739238,1.9234457948249533,0.19259691873130513,0.43494103836789866,-0.02243605198057349,0.32475823953354177,1.524517181115903,-0.9809467270133695,0,
0.02688583899453078,0.43192254467394064,2.411676675578421,-0.7746149700185819,2.3921096352739926,-0.3939866812431204,-0.05795054176271757,0.5805676870356148,-0.44494639089525284,-0.7708136306140894,0,
0.20838280794755248,0.8004095252276823,1.5163940552535728,-1.6891830379672617,-2.0993562644190256,0.5377681903684838,0.5880766751678318,1.209230647223938,1.6010743061643926,1.4336250198209464,0,
-2.0417348684242906,0.7542913298135743,0.6021183203924835,-0.47126374070251964,0.683223014788808,0.30638948207341404,0.9623451692665695,-0.024286495670025846,0.8918405795948128,0.19145071595735258,0,
-0.24717738252059693,1.188913371474643,0.07203686128374476,-1.9754877712171375,-0.11480224875906367,-0.9983067752910549,0.9458881565546393,1.6389605275998331,-0.15464970656083346,0.6621687539474996,0,
-0.6819842479977986,0.7083038472010638,-0.21220896990115168,0.7510994545073101,0.5667717261841796,0.5187930174517212,1.0736219439075716,0.9080226625361912,-1.8132934720171585,-1.498635497149212,0,
-1.0016200098949155,0.3514482075415829,-0.9519184600222356,-2.0650830462563206,-0.6573725539947244,0.8635282425215212,-0.6308455507908564,-0.7074395448121878,-0.019318304271835673,1.1942144830139918,0,
-0.2811002928859549,1.0701502383164274,0.07748051851886253,0.02845758118315888,-0.048965030858450255,0.17146931759039094,-0.29786680495686124,2.209855665748464,0.10163005353342468,1.3011020630240928,0,
1.7976865268495226,-0.026521259249060063,0.2577525401427507,-2.077811819856197,0.7114105794654951,1.1526481032616924,0.7690316554422755,0.32699451327009765,1.167217733304373,-1.998344967144626,0,
0.6408428612670098,-0.8818746512277178,-1.2417605754816243,-0.3202978045366419,3.112910201043841,-1.217403793496952,-0.52738906163962,-0.8351245039722351,1.5884471762401118,-0.7053167239158482,0,
-0.5711789897827968,-0.16306696394376388,0.33417641724489744,1.643378155804534,0.8080361894020714,0.46795042213185173,-0.005106632027225022,1.6529130512304218,-0.6849871791437476,0.49576557301551033,0,
0.5725827813561586,-0.7449026448064491,-0.15525904882474875,0.36064789143579495,-0.8480655980305086,-1.1702807063967748,0.39876376442481426,2.0777775851984446,0.8011817639881827,0.6443884535381822,0,
1.3993554365860021,-0.6751782749743815,-1.907807557877391,-0.863493604964934,-0.42375968202270325,-1.1140813582330875,0.7851850823103762,-0.03302526371956056,0.7654021560133495,-0.6784947304872218,0,
0.9246336829127688,-0.14451867071551783,-0.8603850107795019,-0.031203488939083975,-0.45341410838385404,-0.63093083373779,-1.7776809623702012,-0.5036502603755963,1.0734127024104452,-0.3054994630536529,0,
0.05963036992017413,-0.7924199209999613,-0.41360553342164424,0.018016872044446585,-1.795643172630015,-0.9420601835742449,0.7147456498889451,-0.17237495745366196,0.4986899121355445,-0.5973810610451429,0,
-0.6469367777055739,-0.3079615296390403,1.8876876573401904,0.47263034584340563,-0.3300901917014373,-0.5479958187411378,-0.23372405785172545,0.7147317275176998,-1.94249769096177,0.11041804694611956,0,
0.6982233136135899,-1.8936146669537857,0.5565531245337582,-1.3668583632808264,0.732829081821745,-0.21415031071118876,0.707457710864381,1.277856655030514,-0.1554224325277597,1.1971785314619128,0,
0.3934853854217496,0.21329370737293857,-1.3354815690998914,0.5925672738473307,-1.2742321190767951,0.8371544863313845,0.7769316923548287,0.5704873308635735,-1.1557075749169152,-0.7710421571412046,0,
0.8951932200277323,0.0012054753622242368,0.486036289417637,-2.704391631602775,1.0484826510505925,-0.32115903870570245,1.6079150611191575,0.10172320847176979,-0.20260577291807386,1.000820497768414,1,
0.6351718016819695,-0.8170886310681906,-1.5473039889383655,-0.6298845523638104,0.4877748210843382,-1.5856257067695927,1.3534536476212031,1.4980117703044276,0.980004236133894,-0.7816720723468876,0,
1.0495527153193351,0.6592456684324051,1.0826910538870733,-0.48827384245154465,-0.7342333219710379,1.1400678464951604,1.3465716626102961,-0.3128364730515222,0.30515083587497266,-0.8476272124968842,0,
-0.535235211560568,0.9375701376265584,-0.4711246518178786,0.6333268260712385,-0.14152963733784743,-0.8370901336150396,1.4436703191662383,1.030919338366907,1.1480908663974327,0.8185946183432132,0,
1.3173940656343257,-1.6075598643689741,-0.09363618873917084,0.02263085267686914,1.598321807641033,-0.05872042710462872,0.29137898481594593,-0.2880627983512786,0.3417539207135393,0.9219363780076167,0,
0.19759960469239965,-0.7627247785662142,1.32579664754219,-1.4055630538562867,0.7335478135058658,0.4465365069407115,0.0321850870368397,0.43102295801089313,-1.2983259396689026,0.8514099367626543,0,
2.0752608726252655,-0.7691423497872982,-1.28716356858425,-0.9849931258170151,0.008783654898147817,0.1996104184027828,0.8728170831783344,-0.11356256479045149,-2.5208470065727346,-1.3157974082181412,0,
-0.6891878180895679,-0.9399031011088647,-1.3971181851129912,0.1986800095474069,-0.2376833169609843,1.0941795475214755,0.7320809514330224,-0.05585218265281086,0.14880876167959034,-0.46595097807205077,0,
1.7359638031652493,0.8294748419317485,-0.5835993263460049,-0.07906734186455629,0.07660907045165961,0.4790031433927589,-0.30906623673826017,-0.3773865174622099,-0.21392646635116538,0.8229885920033214,0,
0.1979107834626478,-0.19382613877280352,1.0383788510193166,-0.5791241096357465,-0.5117635579423034,-0.861309579697108,0.40482340880826806,1.3448540311806945,-0.9769457393818821,0.04154184056389461,0,
-0.6514180036144483,-0.26451484131061076,-1.5193460754768424,-0.48083378951197936,-2.1047495057190146,2.178562173991662,-0.03509646678459442,-0.7329260381085351,-1.700627249651378,-1.0736928461974642,0,
-0.48388583405432156,-2.0038623644067535,-2.832155598110569,0.696167997159289,2.042177910534731,0.19433346333823323,-0.853932908460056,-0.7402322525487084,-0.7347432134727092,0.4583179391254417,0,
-0.32034730819432017,0.6354180302092264,-0.4511588584089988,-0.5176925728692147,0.15532499919940146,-0.14734022662150623,1.2904607413763498,2.1209935658451093,-0.19449148486477605,-0.7148072589914705,0,
0.4241659464019164,-1.2392583948534726,0.5517407999109204,-0.08809124402907328,0.3981472651225371,0.9639254230555709,0.05519924253008922,0.9778475646543314,0.6658778237063901,1.794524848392212,0,
0.5228354880354996,0.05993263026632825,1.2002617497388293,2.169936588080543,-0.05790774987690872,0.24945094593007222,2.0487082576988507,-2.3851136986930364,0.18863108156798006,1.5448414624182585,1,
-0.573700003938579,0.2773769379581917,-0.463161362085399,-1.423682636883923,-0.735116800724588,0.3992281929393271,-1.6254922701998327,-0.5652587392104036,1.6080672471727289,0.6040974263555673,1,
-0.02435459226098284,1.360658595838651,-0.41142660711600243,-1.8518427315746586,-0.18592448094877073,2.492183998600687,-0.5567787728433663,-1.8119893375620542,-1.0356040560453943,1.3610067047697736,1,
2.1422703586118637,-1.308820399119112,1.1539007342557472,0.7835896647986067,-1.5993947621943112,-0.27512142825504665,0.03263883669087142,-0.9506906934152551,0.8810588920574334,0.0647913501233811,0,
1.7275431701007113,-3.0195121558208253,-1.8697416996954206,-0.6786430612941032,2.2770864980533045,-0.3177608940173958,1.137381097628914,-3.1385146662340397,0.04729874312872792,0.7654374943750158,0,
0.4363236696740321,0.18384954475369486,-0.38852077518300926,-0.31823752774262026,-1.234511998422396,0.1165785120124638,0.39946937260218507,-0.13698957769394238,0.6946691241185846,1.477720295302075,1,
0.03800347816820029,1.8005111815108537,0.19042388992505774,-0.7811563781311142,-1.0319662838471795,1.0715159355810386,0.31047275418075143,-1.1419418191613115,-0.43651486326554356,0.2454986817943127,0,
0.1200313267182613,1.2389463529394373,0.44921872128503426,-0.2598001407675125,-0.4402592043864004,-1.506534030190399,-1.127263792554147,0.059905256796438384,1.0716803738905898,-0.25518717151428366,1,
0.6135179727304166,0.20965941527462578,-0.5098066931908826,1.5985381120963413,1.2880757248523775,-1.9655558914765052,-1.1569413972294713,-1.6251212588825248,0.29522475834524275,-1.7046219581771158,1,
-1.0227925651984056,-0.49163618563204736,0.03444101170584135,0.8021284586181193,0.014508999262654136,-0.5871152706201476,0.3225046602899047,0.08291185317203993,-0.6794449849177494,-0.08313352572149399,0,
-0.2573765374233451,0.8071225966373103,-2.4883273534129895,0.8622235118869771,-1.2361357960304624,-1.6339229590592872,-1.3641059938183584,-0.4149162781203273,-0.012024028913188147,0.8234231845623113,0,
-1.6685840738775894,-0.9735461997044687,-0.6582484123338483,-1.4162270557926455,1.2543383607573395,-0.42483134752563845,-0.5318777502893286,1.5019529651885957,-0.23955585893709952,0.9456334275676297,0,
0.39922312260527926,0.47635776935621926,0.4535087125544674,-1.1511537365528692,0.7310006267854814,0.5024996961292902,0.5009173290858575,1.411356861745625,0.4891783506377937,0.5043650657184098,0,
0.647195939702741,0.5054701591666269,-0.9822940342546795,-2.839078659485427,0.5384349572164524,-0.8907488635522636,-0.9823242722767759,0.785345603010283,-1.1797767493745086,-0.5412990949622398,0,
-0.483186462299374,1.0602099074988798,0.058984221589597374,-0.809380821082754,0.7157342411708404,-1.4268265767813424,1.6053559623618066,-0.3266137806612126,-0.029351702115694548,-1.9768215689475905,0,
1.5739867632900328,2.7596600389110777,0.446872500802698,0.9567031863856584,2.394361900582451,0.06933716171534797,1.22393634423789,1.9853803952602933,0.39530725264933086,-0.4952150980047351,0,
-1.2257656630023412,0.39241596717876703,-0.34254920085776497,0.5169465157483709,2.185094895036112,0.8625434846151703,-1.5714199983383004,-1.5530352778398206,0.03302330719303323,-0.3043448710539514,1,
-1.4643748802098202,-0.5089636257074988,0.1704637709965709,-0.2215132629521239,-0.6867153430032953,-1.6949734385166126,-0.9323712431819872,-1.4035586295636626,1.3469412443889957,-0.3129289671900141,0,
0.22445181855997204,-0.025574312191994436,-0.9627325652846123,-0.02230028371805305,1.6238849928111523,0.8202323983059842,-2.28577724449495,-0.08378309988906465,0.7740227740710525,0.6185563569779244,0,
1.0470983026121545,-1.7690759048891183,-0.20661127969604665,-0.6888855425754056,0.3831681897589003,0.8173062037383262,-0.7825913625481332,2.254038108921119,-0.007480796740746615,1.9856764110148397,0,
1.6839276914578687,-0.6947131310890582,0.6102161695892225,0.20475888240178416,0.4990958161377494,0.954085102156628,0.7663884765723994,-0.20233890687008754,0.21668909749767315,0.12352920184109302,0,
-0.45888426286894,-0.409282438113104,0.15697296096843422,0.7658782794806148,-1.6922708316433286,1.2184802148716865,-0.4138949422748569,-0.18324524320928193,0.2956655514819996,-0.21673178915646166,1,
1.0786808334312956,-0.5240883979345925,-0.5865312695639355,-1.6158867874104728,-0.17038576538819597,2.202013924659616,0.46079724361596747,-1.4419103561118092,0.40329960416682403,-0.2592218130040925,0,
-0.03850846950070721,0.152354872033722,0.224216404290793,0.29964768783734813,-0.8128235903365649,-0.3560920486190552,-1.5223343182817441,0.9459295852703784,-1.825657995664608,0.1243847669077142,0,
-0.17262729994081963,-0.8224199323822006,0.714609790636618,0.9324348709546673,0.8280588148933092,0.10957158007785811,0.7979752545819053,0.9531762543293538,-0.30152629576934714,-0.828293760348399,0,
0.8836599374866724,1.1210306673244714,-2.049941278577478,-0.4151002889633696,1.071080500402805,-0.41643843324802554,-0.5551092279283498,0.7890752013999099,-1.4844390681934263,0.12019855874605508,0,
0.6523228784134196,0.00020706491819709385,1.1590740649558977,0.7007006121205837,-2.0744863510163114,0.0019768447558107757,0.012169682282905197,-0.6292206728473624,1.2782809474594865,0.4508123363317998,0,
-1.5763921569842494,-0.009300321138614417,-0.336254738681072,2.814654444472553,-0.02203486400427045,1.5328733556363119,-0.09287450139305273,-0.7067067683730057,-0.06084952000292773,0.20968606357448813,0,
1.4765403497258958,-0.32789471651291785,0.42548993324023027,-0.10434279298689192,1.1218615047942522,-1.3450144839306688,-1.2715485208922839,-1.2931222504049704,-0.19334094967962276,0.4575419340047812,0,
1.3800913541474515,0.15519068385897913,1.197246923645228,0.3933070500053236,-0.18667896231344497,-0.8610496721655755,-1.1530843317397823,0.08387250176093364,0.8967973320332352,0.4337476093485353,0,
-0.6255627015095294,0.8250982646676347,-1.371673697230466,-0.7380570836613916,0.7290636450023644,1.3771809365045613,0.967794469003426,-1.0804073292785017,0.42232479744987467,-1.7718966822464437,0,
0.39580353343740904,-0.8671302157109003,-0.7094410024275466,0.1812511626020504,0.35116546762708406,1.0200365069020898,0.3989921575016956,-1.1774165052492886,-1.1286345143792071,0.6368701583954032,0,
0.4940301862827388,-0.6581164890752567,-0.2885486958757048,0.46027162498230384,0.34166023195262635,-0.363131646817078,1.0500490415534267,-0.42369071691067595,-0.0709053625273688,-0.6710148456624536,0,
0.2606737658239071,-0.30372602877666466,-0.7837535211244283,0.19484234027013805,-0.27131497806829746,0.8544020011207198,0.3246582355025183,-0.48915617518421617,-0.33516697322638483,-1.095839163003958,1,
-0.5503051538454201,-1.345870923473215,1.7349365758368085,-1.0196953197088567,-1.2165808041357096,0.34121584249203324,0.14299063480921648,-0.5379785288219551,-1.744532888606054,-1.1044518278549962,0,
-0.6716233679380516,-0.8192578597214978,-0.8567720938267928,0.2063617713254507,-1.1215301474250274,1.500274609000988,-1.7260106186667665,0.4664445968402613,-0.6902762332372047,0.4335416104725293,0,
-0.025554070991445278,-0.47622087354465903,-0.5555467794868666,1.4621959387176369,0.7093525144553172,0.07450959382677262,-0.27036669676116976,0.07904780215027922,-0.18354032201646558,-0.22257492722485295,0,
1.1727290192593647,0.8743891807127275,0.20438903160297678,0.4486357645145273,0.019458255518883118,1.0256321138725824,-0.027384320403744018,-0.28815603051111766,-0.1149509314918426,-1.6819687839854107,0,
0.5436001545944323,0.26256132900192497,-1.2021495260760888,0.961987189071841,-0.13851224460722475,2.64201191049262,1.953107198272574,0.18301292831148205,-1.4822314236773086,0.47803781519228344,0,
-0.37061433208610595,0.19358991136754436,-0.39568071175626385,-0.23701197001262772,-0.42389004232235256,0.5980991550474662,0.6869566320986773,-0.9915270411046322,1.1516655830474756,-1.4396081307988273,0,
0.7716987106483447,0.8508979621679722,0.31745326125017514,0.7499002394237105,-0.30518884548075176,0.04932816579484362,1.5360611817095284,0.10527862390967795,-0.10210305889143893,0.13982135851821087,0,
-2.8485426206300755,-0.13737178839939665,-0.33286040438251124,0.27926783821652595,1.0469117944881394,0.7224469852209794,0.5975377058947282,0.15060249284463378,0.03755307666056291,0.23849892567305414,0,
1.1487657003721035,0.3904648499288896,-0.09338685889994829,-0.950910729687232,-0.33524408186802673,-0.3652808582038849,-0.7113032269494793,-1.5030468593574806,0.4006416383398367,0.8855770816950449,0,
-1.7397137787780996,-0.10322175293249623,-0.5293321124483709,0.31852100479887446,-1.3410647133015687,2.387967705524732,0.11712421614985134,0.995693754370362,-0.7880762539036712,1.7816847864668515,0,
-0.36244094140313216,0.26536234939962844,-1.514470309180767,-0.9916966634403105,0.7436517755401733,0.18007103769598148,0.23622364626423303,-0.8814337052269955,0.45635597313269627,-1.3646763259005417,0,
-1.1196698946261439,-0.5827586576115821,0.32159321133923857,-0.6328802748847919,-0.20487666386471723,-0.27293332022551287,-0.9391555697706817,0.09030979920643496,-0.367074646018183,-0.05247385606304944,0,
-1.2946814757209058,-2.438817158276429,1.7549330716472415,0.18932830729237413,0.03139586553277644,-0.8356890050200362,-0.38438737659292116,1.1644117405352703,-0.8965855406471915,-0.27633529504421733,0,
1.1608267873785194,-0.13427916218630415,0.01840163078343813,0.29724427338012405,1.6075783063995104,1.0972201916064384,-0.205766993677172,0.9256767577138694,0.5734474933553989,0.43374968596096225,0,
-0.46770120131189136,1.42274813609994,0.22526411724754952,-1.189232465077129,-0.020560557350507186,0.8671874128277388,1.605619832565118,0.03433338856883548,1.4916738588018077,0.21566877093361858,0,
0.3465038817307158,0.9262154022415924,0.6927227551168594,1.0539857711828762,0.28918367311872534,-0.4973543714140932,-2.0807405253909783,-0.36249900288206854,0.7248293734858318,-0.35254624273661994,0,
-0.04692057887918407,0.9653974845911707,-1.2693304965466992,0.5720062783004729,-1.1789234912983253,0.5764513451224227,1.2058184207160432,0.9475119085755672,0.9229775651404308,-0.4409021886108555,0,
0.47704082722312147,1.2361307218062179,1.7025146581296056,-0.7047284356108838,-0.21966945235096014,-1.5085559682128564,-0.9367952349593828,0.6746949778086199,-0.520630606562299,-1.1164508551840475,0,
0.07682189106025536,0.08865759096143744,0.20232879642280202,-1.5375847964491753,0.6095260452086012,0.18497057507315626,-1.372079187269614,-0.61836502004413,-1.5976197291684564,0.9878615824065092,0,
-1.2829922241885696,0.1973157074055956,1.631856899089109,-0.1449045790814313,-1.5553737338412423,0.4527563520766945,1.179942130038464,-0.7948936470016904,1.4901375220998412,0.45920418159952925,0,
0.99626681944714,-0.6176518954343502,-0.7330329955239894,-0.44594371386116016,0.20084509311570958,1.7073298095592229,0.731898069234381,-2.072355181695998,2.05451488940476,0.9177681977951373,0,
-0.4937565831613125,-0.31607285602704976,1.8180619225578247,0.11314045705302281,0.1007910726448063,-0.7708188027286894,1.25451870238119,0.1540318416835874,1.542806773769682,-0.3103961364755137,0,
-1.556581898659751,0.6157711497711416,0.7751554940347831,-0.3631166611555665,0.04128745558743938,-1.2783526288023244,0.8007019475455768,-0.08269774501839869,-0.3357859389797497,-0.6568354686944304,0,
-0.4281151609659125,1.2038844371688162,0.5530400858523584,-2.00745686074501,1.0371588986582432,-0.8954279609250417,2.059845001737402,1.1361913746425423,-1.1546343387288442,-1.0783150666292278,0,
1.5007597906343109,-0.13944627568099954,0.23402445435314795,-0.3883469383011584,0.3344385148485215,-1.33656850031492,0.5587238369444854,0.3590550934803667,-1.0656826978195666,0.3589175837406595,0,
0.8502217421134929,-0.4501892648514116,-0.24852861807444937,-0.30561911106831297,1.478071898356444,1.336657357758983,-0.15647737612315848,1.3342291941726905,-1.6837325676140487,-1.0397932245282346,0,
-0.3486521344078592,0.0005279588565972928,1.2005316584738726,0.6336610247740587,-0.9935895155940362,1.5486392950240366,0.34292637732134257,-0.6973642279161708,-0.10737861841004537,1.8486630689665502,0,
-0.3492577043184288,0.6012067489291149,0.14035986984804696,-0.6981996746110497,0.13592456721834797,0.3202165779488289,1.2434691283459636,1.1381503309676184,1.6056779580824545,-1.3076425810934404,0,
-0.3216350512173826,-1.4438548161335418,-1.9670697035871523,1.6786746733725662,0.08446678638994742,1.221294945685148,-0.779375325260117,-0.5289163791046552,-0.14166263187224326,0.2736601192125019,0,
2.076747983560841,-2.296180953137238,-1.1171864617070024,-1.911640550651757,-1.06925449375508,0.13395838058023532,-0.6518885825313808,0.7775960617922721,0.3023229003482749,1.5668547072137862,0,
0.38193545223155334,-0.5505368494915835,-0.1858457521927473,1.3111674978026244,0.9562950020913461,-0.09511164770076601,-0.3089600145979074,-1.4587583925306935,1.3755969643042085,0.599089759263809,0,
0.43004164719106963,-1.2207124259141586,0.3099989831655551,-0.2243189708781048,2.324673305852818,-0.33303761905376167,-2.1045827987653323,0.23513529936618852,-0.40409531183239966,0.17567371249177932,1,
1.0302834540318422,-0.5081401976473109,-0.05658848889989584,0.8595848723435562,-0.017006074483830996,-0.3103909913775655,0.13807840841754684,-1.98468794144591,2.035531456719595,-0.9684836469618956,0,
0.23878915902651351,-0.14778031881747153,1.2189707897936632,0.0798014840587331,0.5050210882737669,-1.5478015563090313,-1.8861287039510262,-0.2671374859417547,1.9920944074974534,-1.381769188567704,0,
-0.2590421458207031,-0.4532484090230134,-1.9511018640386248,1.1395555360254692,0.08451847581532725,0.26425476360733907,0.053059312932619035,0.4403539938779136,-0.13111133868048266,0.7700501089175859,0,
-0.19634984908497827,1.4524675344707454,0.1435879365051602,-0.38736196455281124,-0.7135846699071758,-0.040333910214043756,0.8652897561352498,-0.5209685512310958,-0.5775342640192128,1.5061472407749465,0,
-0.07160125941406395,0.32674476460232005,-1.8179792253871547,-1.0986204251778122,-1.8207602778020162,0.7453607240778758,-0.47687646064383565,-1.0504376287559674,0.697238046390313,-0.43884999047817147,0,
-0.03722223650984159,0.30047435961082836,0.7597122954841684,1.4205042872710631,-0.7057734830953651,0.0935234964386097,1.677115870186871,0.8461184692959337,-0.347524942518858,-1.139061507616351,0,
0.7276295436369798,0.6222071440434019,-0.09445871444200275,-0.11348064588214118,-1.3919583809517313,-0.16270370156909178,-1.4605008994184878,-0.10346278984692345,-1.1565552170673363,-2.4581694305490185,0,
0.05194588580729943,-1.1388331177807691,0.41960997202411815,0.2215584736242106,1.7041020780591178,-0.8711930300076307,1.1912606816318325,-0.4895706470306716,1.2812386535229803,-0.9807648436625377,1,
0.7326400772155792,1.0391117874202687,-0.8638829605897661,1.2347519140447951,-0.11510969392323915,0.07215323682176132,0.6751370564069208,0.04189592115427648,1.21644738727708,-0.11365684249904019,0,
-0.08071658010858232,-0.07576428653545988,1.279464931657751,-1.031955242094435,-0.3459193290471707,0.738237230816162,-1.716033248310689,2.6366691419455885,0.15551160376356082,1.5991232408367342,0,
0.07863519031609059,0.6704806172412126,1.0417246640588513,0.5954908976392573,0.8891538247878059,-1.1433389910838607,2.7107942990405327,1.1535028497815438,-1.2628647537281779,0.6731336922329685,0,
-1.9982006845321076,-1.0718572330401555,0.5835443030118876,-0.5898947564628909,-1.121751102855888,0.08747375368073924,-0.06374528550396617,1.1625736681878402,-1.2295262512173861,0.305085404706753,0,
0.9163276747024814,-1.5537587660160643,-0.12951724686344077,-0.13216935564437185,-0.7668640380045524,0.23304295152948393,-0.8774840221556317,0.435546318992364,0.10722928841915275,-0.40011966130113097,0,
0.3464884758979927,0.8178896580250287,0.5798572852951321,0.07227896538428889,0.06807226924862103,-0.7180647836182643,-1.407087194784017,0.16648527257714707,-0.49987103450503223,-0.5831657172559563,0,
0.9980101098596522,0.3764095260975166,-0.7068925679873489,-1.500221861446936,1.0287689914234805,-0.5878563049080002,-0.22001802765967404,-2.3960822883304163,-0.3410929321416082,1.4056475975079636,0,
-2.8962553781936893,-0.9020515543575104,0.8555556590207121,-0.7788370428204348,0.5016850451687882,0.23061084876621443,-0.12740687238995974,-0.6789803464631321,1.0219631550600035,0.20073854075838948,0,
2.0883747047807275,-0.8696630812746944,1.649480894323921,1.3510728924131392,0.2483251425158822,-1.133421018292623,0.10264552853966442,-0.4805744132024745,0.7331793174225577,-2.102600691921022,0,
-0.13958962815517376,1.1254347844147694,1.0706105599791862,0.8861911885847956,0.07811773523601635,0.34992371524939253,-0.29779615622396016,-1.874892064047533,1.378142680497613,-0.6735396478972429,0,
1.1081828167375165,-1.1894118928673278,-0.7296024698074095,-0.06263957732723487,0.40023585552677515,-0.8953543736592,0.6332253101150935,-1.1574157902154336,-0.9906232233772576,-0.8582160317716268,1,
-1.0399059271255309,1.6426729532559634,0.3614173172731029,0.24312345851289308,0.20165290512925463,1.0628536930332164,-0.38762983266324635,-1.980836470922634,-0.34319156868671197,-0.5462640091774649,0,
0.6127739050625697,-0.9006207346478687,-1.2931415437586478,-0.29424250563645765,-1.0299722747769358,2.3378277453883,-1.934964117240471,-0.038323835697372494,0.7589816954601127,0.5629106602850852,0,
-1.0534155631736561,0.638391925608383,0.5723903111756757,1.356583385827982,0.04607922163315134,-0.8607568017018197,-0.1493614956496412,0.8187659708488161,0.44807834101289173,-0.10744488179424941,0,
-0.6237689606958051,-0.3286184757489846,0.45060341286253885,-0.20035257779416388,-1.0736886589177526,0.5342078623746747,-2.367477653373278,1.1067745186243287,1.5323803825876219,-0.07686540700366203,0,
1.9140313538667861,0.6031874310823431,-1.869816339532164,0.23184209213484805,0.08108254290082371,-0.7267419048820193,0.3537706308913895,0.41478446207924113,0.4205367059040693,1.3134731613252366,0,
-0.19068240076334658,-0.5441140021141926,-1.1617838439123638,1.146030144142065,-0.4806479414882414,1.0409541737977894,-0.9793002302826354,-0.963396341198569,1.8481091041055524,-0.6964610897866884,0,
0.21743287317972287,-0.1627929060722942,-0.28313889674376713,-0.7773714848459066,2.5393816227828614,-1.265258409085215,0.16336035491580048,-1.9320651585199595,0.5400178017231407,1.8641995258873496,0,
0.8700677306887542,0.04091917539572113,-0.30085974714082625,1.558789184496894,-0.03989438375171192,0.48058675842771265,1.3140749815246042,-1.756868699401502,1.0621674475886602,-0.6713075913710861,0,
0.49568188797260465,-1.0021874557814727,-1.2094769354188053,-1.5304614097433769,-1.4042395662615887,-0.8729889668893527,-0.9487486952680001,-1.2689825772544985,-0.32351494678445714,0.08919819661257138,0,
0.15041890514357642,0.7408243454201259,0.38897872935218375,1.6296421311127987,-0.13418021067692457,-0.20698458909836875,1.061256258512118,-0.8888596980356747,0.014287211883989065,-0.2812035954027669,0,
0.3649610024662254,-0.5132135664715852,0.2514736089405121,-0.3726755839519746,0.5193587456378881,-1.031025275147307,-0.4333895666861532,-0.15974849799158664,0.9109444038394753,0.12341913350096105,0,
2.403415585238275,-0.22859991534001858,-0.1942691319785193,-0.24269874782528175,1.6733639461525236,0.8223504708957536,1.7531948020655854,-1.0141642181269683,1.6129781705930544,0.44459199507312896,0,
-0.05761879703358539,-0.9943493746085122,-0.7557915001583629,-1.890010171182943,-0.5894523999387185,-0.836980354439587,-0.36515261319821335,0.3389758936682615,0.729236949310753,0.43383524008887653,0,
0.2010990467149675,-2.5623336587953105,1.0487071264165635,-0.4547947173776929,-1.58242797402364,0.5519642593318276,-0.8404929855066914,-0.23227350279947281,-0.08317177193461948,-0.75311733062058,0,
1.050654396007612,-0.19102776260016902,1.6554071130882952,-1.0398065310268843,0.8168370114309812,-0.34409802826233293,0.6872384503952884,0.0105457117410256,1.3773350295283417,-1.1229146774475707,0,
1.1055259329579838,2.412615421612916,-0.4835614838465371,-0.6076463453734726,-1.3805987058996512,-0.11447237179886294,-0.43578972962363594,1.1402505526712048,-2.191978656279881,2.5031717909057107,0,
1.1870303055603801,0.7846042878980238,-0.6121669171548207,-0.1373109657888796,-0.43615544150748503,0.14775590740012853,-0.8414495141290085,-1.18023173420037,-1.4222345015068736,-0.4839843396005531,0,
0.6387302220291846,-0.01926037973439464,0.4912076654119963,0.9577916144729056,-0.25762048551099404,-0.7618246716588487,-0.47783985070379115,0.41870457829236835,0.681634223668389,0.6992124386719866,0,
-1.1430049127304835,-0.2628908292082677,-0.35802937974698623,0.20760335140062577,-0.06963345330010817,0.2103671135408869,-0.04460653218300141,-0.013973228476073308,0.014108356253124855,-1.6076413105231968,0,
1.633431532301096,0.02246589281204638,-0.13939720066323416,0.30767665340111383,0.6891644570743356,1.530334564354411,1.342180131244854,-0.33348628096969524,0.6055136511241652,-0.2796127199046768,0,
-1.146345393018688,0.54711911517521,0.7396531517246714,-1.0955193888455623,-0.6836342822863877,-0.7780947858327143,-1.934087745459577,0.8852563208659603,0.06440752243194205,-0.12719938398244293,0,
0.30263546523903323,-1.1808128153088449,-1.9093560875072928,-0.8807540896027302,-0.2737292521667607,1.1718101432738448,0.023080658950420673,0.8790141545570074,0.5709456946038727,0.4728150699278325,0,
-0.7542758500193579,1.114321694668872,1.3183023248526693,1.798725018351312,-0.014270352949388505,1.4980976334877842,0.624903594654043,-0.9464907959884281,-0.8144028209931906,-2.722454140991939,0,
-0.06413834659299254,0.7153813154412441,0.07268052432934134,-0.7352010347632466,0.14959795751878804,-0.816154989028044,0.1934485749917961,-0.1821605838579241,0.5704860860796908,0.16614061307833064,0,
0.3287624103034804,0.7181857257079345,-0.4114931445621802,1.6562082520572956,0.09782717470792267,-1.455054605090552,1.3098651694335341,0.28121168258406537,0.9944145282075845,-1.1497414553678929,0,
0.32135721545027307,0.4384757388097273,-0.08923415422144892,-0.2430611988808665,0.4360057752225798,0.3019609001717647,-0.07434532975852426,-0.2730067480225845,1.2205506039312326,0.32434571119492384,0,
0.42192075423528475,0.019616657693989903,-0.03757064497948127,0.0022879361435040493,0.8438395096417373,-0.547407522766873,-0.18455144218594516,0.5850213322877983,2.0135542946486997,-1.036329196838163,0,
1.613711269058647,0.6728612359668199,-1.7312013034449254,1.0703651602299298,0.392634115650968,1.8686032191630024,0.5923295470133433,0.2811920179102754,0.24409844350238658,-0.8554826959255813,0,
0.45353430151397983,0.591814133741378,1.494938227453236,1.2718924219386565,0.45358552350921844,0.0348075404998322,0.09931381495134962,1.8325612403560125,0.2739110868471789,-0.27362761039326816,0,
-0.24415663529064868,-0.3540407109410238,0.041325632270618466,-0.1108125602790875,-1.5822231667464777,-0.8021994080351792,-0.390408738280471,-1.5302791359297876,-1.5231724641738478,-1.0523294696031953,0,
0.9640871682883573,-0.573601772896901,0.4430021304473752,-0.3882430535215389,0.05022769916568044,-1.1471595110117114,0.5161440395863797,-0.12243598974739747,-0.531411401138425,-0.47553444673535483,0,
1.1894704889246406,0.1018562952619867,0.9515497705740428,-0.05592044852221312,0.4795075480016086,1.0899049590908303,-0.6525282932166452,-0.9085025115121911,-0.19308207400661265,-1.1933757685433153,0,
-1.2276078151369925,1.5490201514951873,-1.0211624575603002,0.3379575282321183,0.7289411945704503,-0.5711839740841865,-0.6111771520193271,0.6041074554390441,1.050319552276355,-1.8331704516987275,0,
0.597400069849858,-1.2391070756539009,0.47347189903522846,0.8913036868697555,-0.6923507742337942,0.04382879946042826,-0.5279940217656136,-1.6171718900455445,-0.6110011240896291,1.0179570524293595,1,
0.7011727423108983,-1.46752526575244,-0.26764109089879357,0.004229858994151577,-0.659039274888645,0.9558027451124809,1.3530691601664073,0.3463127102248866,0.7963400197488324,-1.2960486928239283,0,
-0.29756350335999193,0.16476084123651674,0.8467707752164937,0.6188862980231536,-0.5741006752835983,-0.4842583519308302,-3.2210163559857135,-0.6300484313483411,-0.0016217169633801235,-0.17868088760798354,0,
1.3757068133116195,0.05088770185601806,-2.1272274203514954,1.638359732270941,0.5364138998913434,-0.04592882874016064,0.39559883476294233,-0.7341618661210141,-0.1771681151147619,0.7528910814937849,0,
-0.15005558703252672,0.1733416643704082,-0.099094300241269,0.38130961226478466,1.0338810549242086,-0.016568409822520076,0.034271814200222225,-1.4464982035406873,0.24889396913325643,-0.6149441025160431,0,
0.12557645347154225,0.24395319790850026,-0.6028206557839616,0.3116528560047783,-0.4074601072916016,0.6833245115160919,-1.6808704592381203,-0.46507594620100606,-0.39115637225284255,-0.8251658997455379,0,
-0.1730718242838696,-0.22320225463480511,0.4322629506341555,-1.5189108250900678,0.9079623136270489,0.5907443355103258,0.3097267791360022,1.0845005302909256,-0.4290372480926655,0.22623808866742148,1,
0.015579047581467534,1.4898634386020821,0.47004418736820214,-2.6307301368290634,0.12347980916459421,-0.22011373125482853,0.475751991831532,-0.02518868352947947,-1.7047859057901145,1.117933822727152,0,
-1.0962750868952018,-1.6009039784765156,-0.7076258948220261,0.38837572923016833,-0.12428577716243629,0.06364906149651771,0.5896392313574,0.6276804178744745,-0.24795420732788961,-1.1693152650864689,1,
-1.4400508825942944,-0.828497024780246,-0.7121738641760436,-0.09482423128087224,-0.21138422981796898,-0.3717790115234884,-2.651828063044949,1.664641821966275,-0.4799681461487265,-0.15014783201743892,1,
1.5945050632249722,-0.10325476014904739,-0.11066536855732945,-0.514782674914742,0.7466113646021572,-1.4776124069194447,1.3663894118544384,0.2637555848225758,-0.5159809893490795,-1.7324945949673274,0,
-0.8469613483183278,-1.6431888111541673,-0.8966422273152082,0.24353020418634463,0.3255778167870701,0.2576008573981294,-0.7377367046848409,-0.5587995720623407,0.41687306259004037,-0.39320100368219,0,
-0.9913923494563072,-0.17585440443207118,0.8419836954521269,-0.06040372919690829,2.2758254276476375,1.8921917608330678,0.6865677467531761,0.4672522151827898,0.6586319527905097,0.034204684538075444,0,
-2.153390113603715,1.6614701657280182,-0.36920720044744615,1.1277802506338985,-0.8522246429973241,-0.8837191406910628,0.741073780682286,-0.5442961463142919,0.2321945046423276,-0.8546246417550657,0,
-0.6389617476895022,0.020886488295961788,-2.9069882193216414,0.0861108682589779,0.5181017020299757,-0.773029709602703,-0.8766970856192929,-0.5044226832971694,0.9954151904494745,-0.45699183382523145,0,
-1.3230897934074983,0.23070090571868349,-0.3748220566218061,-0.7469232850701676,-0.5292010098115129,-0.8707277716437414,0.6604599523515503,-1.5198927996189848,0.5755619258303651,-1.40822676830745,0,
1.642015160136369,-1.2601647651725802,-1.0385438208439723,0.990166238959289,-0.8692869869886438,0.7245917787231225,-0.3854932409123582,0.9262574910843923,-0.29505618980564213,0.07707861138149362,0,
1.0098170893426341,-0.6163614080394775,-1.6312758154609455,-0.21713107494620248,-0.010867137034972144,0.4484854541964401,-2.0713771793381572,-0.3860025756494393,-0.46285628571437976,1.0556942488831498,0,
-0.6881503451777238,-0.375196380323937,-1.2374266382225725,0.5265366836723071,0.13735247940703602,-0.1585376924164567,1.167741925527779,0.18209824581586204,0.31282223676684645,-1.0971438697704636,0,
2.2524358053443088,-0.31771509675623405,0.10940847183297006,-0.47741070619280046,2.9181735550600925,-0.918019061638965,-0.7750449630162398,-1.0359619286066395,0.5737671099019008,-0.6226717665523829,0,
0.9817654869915943,1.2816437950037687,1.3286408282482312,-0.6498268854974364,-0.18414581568320207,0.0923767916399243,-0.8544934627380543,0.43594762971547235,1.3978443070314983,0.5025462464541818,0,
-0.32483138350862245,0.5576910607251245,0.31318447386498,0.08416823018569615,-1.1301787294846835,-1.5646221273358043,-0.4030658680367221,-0.7619412381350837,1.1911730449400957,1.2120907193227362,0,
-2.499405714873573,-1.111457956937032,-0.6065033882157397,0.01282864354368512,0.2730107174943857,0.14342656685749322,0.2722367253273881,-0.14170872170182425,-0.541473006507169,-1.4931898122089313,0,
2.2909425725907417,0.24650477843200488,0.4559041951707027,0.479827035366833,-2.0746400375463683,0.8715243860879341,-0.05727041082210227,0.8778260312391258,-0.10200628012726169,-0.16878473741594932,0,
-1.389572466763596,0.49822174849678513,-0.45909031021899177,-0.26864575330974255,-0.09195678260426586,-1.2511991366336779,0.5480669247071704,0.7907593122325293,0.67101780491777,0.283130822319525,0,
-1.6453987469568918,1.1401490385212665,-0.6946003691631446,-1.8363597837703973,0.016025282295160426,-1.5325182768296637,-1.339489366528659,-0.022030072516940464,1.067997778058972,-0.10205639062884797,0,
1.0225704320096403,1.5805406865683735,-1.1543626682329844,-0.43277388358838864,0.7946003829452114,1.5794378916948595,-0.7423863704307346,-1.7681310327067183,0.9389694687047921,-2.476792066877087,0,
2.439752406339273,-1.0150941918278686,-1.7518288067517191,0.7938184671438157,0.9736222494278469,-0.6117596395045849,-0.11599707232153356,2.9928105700606413,-0.06387783283134668,0.5010900093087719,0,
1.3842728185105182,-0.8108575112103382,-0.3899237065594453,-0.29737607924310644,-0.5035696189077175,1.135947845943822,1.8978872926587056,1.745858970273136,-1.2540226524285165,1.5193363510906441,0,
0.5639091200523596,-1.2575778589146163,0.15805348992013185,-0.24638340251454802,-0.150614014629933,-0.1539976651978317,-0.11381253841375806,0.7226748248882985,-0.9989363762455913,0.11666175116950343,0,
0.594754341665286,-0.23401985910698136,-0.09662367001488972,0.9863765059059371,-0.7661208306106709,-0.16195481694132746,1.0852222636616315,-0.7532037815909708,0.2726335143194143,-1.0311060532942633,0,
0.8534155587803077,0.4663583744463345,-0.4159669279473586,-0.7119732272589228,-1.128062554807694,0.43841269949664524,0.03855516878431771,-0.11359216170196468,0.34222557942434556,-0.5131272463642831,0,
0.7589285897867651,0.9873345165891019,-0.9457460606967811,-1.5428032182428997,0.30989477938063453,-0.8839988567464406,-0.4836586374375685,-0.5434204297765169,-1.098679373434385,1.769913067655593,1,
0.2811914239693758,-0.07595102364252276,0.6082461916849685,-0.16063111952549436,-1.2735855485965992,0.13249714349564554,-0.24672442411444054,1.2638559390963884,0.04456961088927163,0.9099625408605586,0,
0.10420110395187607,-0.31984752325484395,-1.317131919946585,-0.484173951248737,-0.41462690057186313,-0.38148941482409277,-0.16841971202888115,0.2625028908518338,0.6312243569717831,0.6400266183843293,0,
-0.06259312789952241,0.15175799224874037,0.7760279138434754,-0.966246319753254,-0.9951739598992374,-1.3204934434050315,0.6036457389607386,-0.7841638583598328,-1.1512266575071441,0.35641258353437605,0,
-0.7539645888666763,-0.835142901630023,-1.0022170189267248,-0.17537845589869072,0.5496831862902597,0.3374820747263991,1.3746112675765545,-0.470755099124782,1.1049972018044145,-0.6611371121909724,0,
-0.28067507686677406,2.0895387216947734,-0.752435237353035,0.49150564724678364,1.801430099266488,-0.26330780687791616,0.3596808476863211,1.1211881425699046,-0.37753114855982517,-0.20057118065576857,1,
-1.6929568141953855,-1.6076610271180587,-1.466785190615677,-0.009288561567815747,-1.3015879828033312,-0.1570248284447078,1.1870776787417554,1.6000978468204783,1.257613112576651,-0.07792273567851586,0,
-0.09833962679474989,0.18474057889572446,-0.5014021468856367,0.30698107268623775,-1.853018482897569,-1.2101609434141578,-0.9647897376296856,1.5283315634862455,-0.5334524457759005,0.549574316064444,0,
-0.9885911071509175,2.0236062192296393,0.9753124584779789,1.813407698515423,-0.1248868853500674,1.5914003677628041,-0.4146305088140306,0.7570320650539775,-1.026625482884179,1.5089188942669034,0,
-1.103589317215771,0.006799844559997769,0.5156280884439565,-0.3428788615575641,0.01569779595775838,0.8767141863861161,-0.7243025342076668,-0.2526248688026368,-0.4581369898417196,1.118338136793128,0,
0.17989415115347845,-0.19003903500149447,0.9784221120280351,0.2783486346446696,0.21865930675729772,0.9641558841719786,0.31444459087485255,-3.2415138253291205,-0.09514812307732015,-1.4193843557960406,0,
1.3920022863445993,-0.3574454228104272,0.5221425459339358,-0.5092133625991345,-0.4463205152343449,-0.305444702441682,-0.35895838517941375,0.2971600238082216,-0.3884799067714809,0.22399496890104872,1,
0.918316606002313,-0.18039168176240783,-1.1036698285303692,-0.8463597198869729,-0.20063929882543183,-1.7291828895034203,0.7297729370341954,-0.0018287588441003935,-0.21600142157311336,0.736763345167897,0,
-1.570500603623177,1.3728484746765302,-0.33078922432755736,-0.5849076534177698,0.3675104105406022,1.9529173824895107,-0.9310017116324415,0.13998209632135372,0.33396514967619034,0.6188603301446354,0,
-0.9896281365703375,-2.211861911329507,-0.7801991291174627,-0.47875857152168855,1.040430892644839,-0.061097508005868134,0.04303097332128144,0.05389734703320638,-0.17117936979639942,-0.6292337633874194,0,
0.9407711879882159,1.5334337012963255,1.3305749040390402,0.35947579754712555,-1.9550487703182828,-0.7487997960200538,0.6868579110122561,-1.326262161949157,-0.06611239395200703,2.9141092157683617,0,
-0.9824873935383096,-1.423957152450145,-1.1967886464263116,2.3490757867007575,-0.3689394390314622,0.4168015744831139,-2.0653027750406103,0.5574085568511856,-1.709226399202596,-1.2770845623311189,0,
-0.2246331499970246,-0.2666523292344148,0.8936976893891109,-0.7160434362758403,0.2138087939410634,1.1671207880032974,2.1216313073302033,0.6322163140318503,0.3916980160104727,-1.08318844666605,0,
0.5500520990245519,-0.42924442029866183,0.8929538701087693,-0.4166253056154625,-0.917976104610736,-0.023050556085466193,-0.2831518848798757,0.6823387820596591,-0.08920329769166797,0.2335950812615763,1,
-0.9683444548636353,0.5885532697707198,1.8296202017160872,-0.06312301311124825,1.7311696317672995,1.2785751679393744,-2.025039913676173,0.9465770035733866,1.610292980482871,2.1168030549638535,0,
0.1053755061459599,-1.5981243518837476,-0.40968659262949736,0.3957988487097471,-0.635409880228737,1.0829999385168685,0.15809389857678602,0.6040516449216232,-0.9395651672539582,-0.8361948507041709,0,
-1.3340254949182044,0.46217266608194285,0.7123221595801621,0.26355081195478497,-0.041292687007282836,-1.0763811874020583,0.03344346797315094,-0.4100294115389108,-1.8082953284995145,-0.2658283656469923,1,
-0.6013676439512137,2.0243096232868525,2.2816518365388427,1.2840957939481172,0.5560220968422908,-0.6737901056594764,-0.081894379572493,-0.07083684791609023,0.6180684939300419,1.0772936730156928,1,
0.31978193414253697,-1.3631740045928105,-0.6176416769336966,-2.4263920705352082,-0.5912847888018945,0.9575371632797675,0.9911911129266663,0.09112486725337687,0.3465270183130004,-0.0178621548877335,0,
-1.5929937335316693,0.18970616761039566,-1.5350402475323597,-2.3869298701956727,-1.8465730478044171,-2.712612563810438,0.7474449714270559,0.10769944910661848,-1.0084330205311458,-0.3346038545302957,0,
0.440474737960399,-0.6619821777966091,-1.8800100339077637,-0.4958781720101493,-0.4286545269165333,-0.14945569316498877,0.29787619102384516,0.9982176559717297,-1.5297489550040915,0.5656329018867201,0,
-0.019637798926681216,0.42588720619303577,0.7127120288613313,1.0973001875437087,1.0294405559270405,-1.4308312016246718,0.45015563394664765,0.6436687530224908,1.53739673068429,0.2725179902295931,0,
0.5524899544171478,0.01914777741575206,-1.8831502080585838,-1.5656480316055963,-0.33689512678513855,-0.47655380143352466,-0.10435844943808653,2.0773434395699533,1.4141103906067818,1.0304387856367914,0,
0.22391413406466143,-0.6414869090443096,-0.37231905293792283,-3.007632339693757,-0.8464343014589786,-0.29882008902920415,1.7754908492400483,2.206468979884672,-2.4874567587061294,1.2914688890653634,0,
1.3641404299738442,0.487872284871074,0.4373131870389607,0.5711794062192087,0.9256722095027217,-0.35824437790750796,-1.4791960183577666,0.07964958261392499,-0.45822302925650094,0.3070030600053617,0,
0.12522450264790727,1.804348109786743,0.18517553682991406,0.24365722370271442,-0.3307748960230527,-0.5522612521126086,0.13965167421589658,-3.8366555484593694,1.6641920547838993,0.291732725378309,0,
-0.429405541125253,-0.19090379172729868,0.42544486418417227,-1.0902084067994298,-0.5101608136502173,-1.097143649628814,0.06502463118878012,1.2368324661272665,-0.47606255777786693,0.21411098228613354,0,
0.12229750303228377,0.7197579421481819,0.22228985580085406,-0.9855396007209299,0.14945608966330953,2.291911266818686,0.813280406064593,-0.5403763389870544,-0.49061223402665266,0.4891305566492876,0,
0.5432980290363879,-1.2932729578711637,1.2788658133133932,-0.9697437196346744,0.7707502096187874,1.8674620041613508,-0.8438538774248993,-0.8014839218310068,-0.28275932762936834,0.05517063787146392,0,
0.04886007032570433,-0.9564363768180087,-0.952316380738797,0.11053531747394013,2.381713531732546,-1.162065820256283,-1.743672602396536,-0.3984452749893668,-1.1208969737681593,-0.0006084823222894505,0,
0.04059169120388238,0.47240627788037737,-0.6769951384585313,-0.626315276183007,0.8272361076574231,1.5821167513035672,0.15682301609819319,-0.4466430468146064,-1.7047757442280442,1.1966271208272423,0,
-0.7019916878067554,1.484116028535965,-0.772659445270824,0.49406391897551966,1.1598399663883443,-0.3994654904728529,0.28123049221860413,0.6122698101053926,1.0525473107347487,1.5161161803550431,0,
-0.6629009175509482,0.35561334878566,0.8301918118626102,-2.854626662904391,-0.5059661989878553,0.12918747333171046,1.489599409447649,-1.5594357791262254,-1.8429369062476757,-1.5075529446334208,0,
-1.4026052717996935,-0.31305803052315434,0.9003985883950636,-0.8568518651277993,-1.0258681059694763,-0.06327395989691587,-1.2703620463250862,-1.0777207457916016,0.2472714521087559,0.010021151740569072,0,
1.7495767431869393,-0.0007085945766459172,0.4512253193185082,-1.1260539609110503,0.06233134961912296,-0.6597486412539658,1.15469376671672,0.3431585541974166,0.8865794927576496,-0.6886944334452347,0,
-1.243863235391285,-1.2504077339697175,1.1834936668899279,-0.2563406783724922,0.10716991525959621,0.9838523436061467,2.3674143640271215,0.6229440304133081,-1.4512262989011584,-0.3109714664860723,0,
-0.6929051977959073,0.6045153263553668,-1.1780408673763807,-0.5380477584901385,-1.0785127413645972,0.1258865305766578,-0.3777648875224771,0.641541644936012,-0.9242684025950716,0.40251620973532143,0,
-0.7184072655691974,0.8823330623234091,1.667224111551137,0.7978437798957666,-0.17529452990401284,-0.4765514232192414,-1.290942219493224,-0.787036278933299,1.21317918839159,0.6694383715424684,0,
0.8949243769444413,-0.45209033283308037,1.5232386217122582,-1.8593367716600575,0.3993176017191309,-1.3045894438004726,-0.40697436637337114,-0.97826564926624,0.5328917202270399,-0.1121264436113449,0,
-0.2949496782920278,-0.4700421477595015,0.7356219972457467,0.045491476330752,0.36039339501808015,-0.8935950137191204,0.014004967371380734,-0.5066348337879193,-0.6172857068788872,-1.9133403347228028,0,
1.2477420726737338,0.2658782296520485,1.78179890877106,0.5583364232117055,0.5042878533842724,-1.6413801156020968,0.5637878750069146,0.23987275228472507,1.202249003361171,-0.9650455805761796,0,
-0.6734906242438685,-0.4367197360405955,-1.6566232076777738,1.8566474365619547,0.29096473013744295,0.012223548415169466,-0.5913947298380474,1.4854773692725496,1.2065357234543024,0.896499670200166,0,
0.27899416222380197,-0.06613261462582246,-0.5244481362626519,-0.4817659710934752,-0.5070086592700558,-1.1966655922843958,1.555198534147342,-2.0474371857707503,0.2690526930157071,-2.7404264220349313,0,
-0.8353470532597573,2.0997217891665154,-0.7353034606819523,0.32445860435251705,-0.5139006266488432,-0.26556051251854124,-1.1145323150080617,-0.22072875695836655,-0.9001602278736629,1.1874271516819999,0,
2.1451491277733883,-0.24702570074599667,0.7214793237573432,-1.803862792562365,-1.198951397993876,1.3701018536103708,-1.7392051521728,-1.3326784410252037,-0.4134487034717953,0.5212299906445413,0,
-1.1875984190295128,-0.3583401520212222,-1.0501407396021456,-2.391956204313024,1.784775039185095,1.1992995729215856,1.1067104242873174,-1.6522426773534897,0.28638674395539016,1.316176081530022,0,
0.3098207102270275,-0.6475418056351592,0.7574951493374855,0.8447743757816999,0.013450364619293007,-0.03227689410261781,-2.2746210312061996,0.9669566453448166,-0.18859482914748824,-0.19856918688096045,1,
0.6337768809320985,0.7441919714999368,1.3705361439967134,-0.005560293648070566,-0.22485305579485193,-0.08708472614314992,-0.20412976887271617,0.5446245744993387,0.9389571782348514,-2.061405424022905,0,
0.41379909745149823,-0.181224173218103,0.6952029000839993,1.1785126897984228,-0.9287920814524587,1.879874549421008,3.1176811292080475,0.4494335159472622,-1.5297740801093362,0.430362641506498,0,
-0.1852876588777083,-0.649373038321426,0.2837510236615011,-1.3734028889697492,2.9356579023277782,0.5207561203587112,-0.0120435529599315,0.9210258397309934,-1.4942635290662387,1.2746531240383412,0,
-0.12982069973342616,1.321304032273012,-0.9878733409007492,0.5199021395287525,-1.0733280322228955,-0.3278064598765229,-1.1207676506962496,-0.47971889676613605,0.18087111148243243,0.924721805513421,1,
0.0438114719791096,1.4196030045136372,-0.8468509661253646,1.8688178405438531,-0.4288479256060734,-1.426018117120452,-0.057397463786793744,-0.43263751633352826,-0.49154441380690456,-0.6626914834880354,1,
-0.14700200162848862,-0.6004235657387051,1.2496189052966666,0.4197056083572659,0.4158368362860605,0.39387321816474324,-0.05080078861953355,2.1857306167225743,-0.6270486146977409,0.0867610754626467,0,
0.9638791167949097,-1.8665399513606162,0.7793490039053323,0.27658150559104877,0.6002129657442777,0.8293237725828624,0.16064994035311653,-0.24657105425957435,-1.7680567191743972,-0.532836268779924,0,
2.2105230015913513,1.0075136898369221,-0.03901951937754412,0.008556080824349832,0.957932055215684,-0.6316515245136439,0.6622629821596197,0.7351321130540912,0.019545844798181757,-0.8192664641893721,0,
-0.5574917850078336,-0.684629825760004,-0.41790954576589057,-1.5708814571259122,1.8076085077692632,0.2912027551380325,-1.0391111683677392,0.006381540963314977,-0.05275510800076566,0.955388571179851,0,
-1.3698029795790778,0.7906255991627686,-2.025807873111377,1.355572935710348,0.5061576554607123,-0.3635732949150291,1.6875480552367936,-1.8482585300784151,0.6534789819517407,-1.1975323112651621,0,
-0.08828204835125482,-1.9701038177118355,-1.0708524186844388,-0.6108576398050658,-1.0560307999666676,-0.18403239919900272,0.24511428437261784,-2.044629003801268,0.0689061331209721,-0.8938164305816126,0,
2.5797093376543185,0.8925973382993092,1.9114190871397234,0.5044832563830169,-0.2569451251217815,-2.4878220575623313,0.7267940464018038,-0.5789842199399048,-0.13260407824049675,-1.1040256334723855,1,
-0.8036745679697308,-1.2111719292807812,-1.2804555710024668,-1.5630343065712535,0.30783237251388496,-0.2217814037161355,-0.6281493997556425,1.056101251669989,1.1770006367903372,-1.4902475232990466,0,
1.6391168054440675,0.7307641190665245,0.18947982122108065,-1.1794596645077804,2.068226041505824,0.9693693024080543,1.2863821369955335,0.7882916566360036,-1.31246730344855,0.14641429184260343,0,
1.6777008140764407,0.014273067836434106,1.0074439731951985,1.4350873992222355,-1.397805478424297,-0.6314025555665582,-0.2570524088130647,0.9140771642240336,0.5363892188475762,1.161503048481976,0,
-0.5535882417079946,-0.9539394193966448,-1.2549226680022925,-0.34730228895784293,1.2025765052252275,0.05252636821531626,0.2775525134935317,-0.9870461789363153,-1.6711471647953489,-0.18487675624526564,0,
0.5689830791852754,-0.4070363129267805,0.1847104747810833,1.4532754760425446,0.1799143695464168,-0.7559507066919204,-0.9331060771871093,1.6158724901223136,-0.8383618800008077,-1.5057478005641665,0,
1.628396623128538,0.6863184569567008,0.937915537510655,-0.07823065905851781,0.8378305352294807,0.3604416762927729,-0.9969316264021268,-0.9648933001863843,-1.2126571326233138,0.8399445397420275,0,
-0.3791277409874871,0.10589445311523424,0.012499321907250335,-1.8418977729578574,-0.10199471663593199,-0.2165231975361736,0.6882053064528827,0.21282439866996872,0.7819425354519183,1.6857017540349715,0,
-0.20358036010236177,0.5844129804724842,2.8684030556667683,0.8920675997317206,-0.8424326301263264,-0.9392415406820068,-0.44360683020738595,-0.010352289907736689,-0.06541023359539401,-0.6462423241465945,0,
-0.5816809139486437,1.9764405845154855,-1.6685992588781953,-0.5898923177556078,0.750872779401332,1.3325514676651278,-0.8538230875043771,-0.17387382031458634,-0.013503244592976752,-0.4785542667177183,0,
-1.0147567306928669,-1.5642416117110514,1.0587285298838789,0.6986888135170435,0.6544310271056212,0.9289320135322151,-0.6431833420270304,1.3385921382956067,-1.106732987729451,0.5156606300833942,0,
-0.6492775450660071,1.617212574968624,-0.17280173739646437,0.025210867540082116,0.9720569657397219,-0.6049067639281748,0.6989530717174212,-0.7051105201659605,-0.2996934959328892,1.6218737477850513,1,
-1.2239402667622565,0.10435593752321293,0.7719201548366751,-1.5431182279428703,-0.01330463537863531,0.4977883094177774,-0.6290378612036109,-1.349605255711928,-0.7634653033091117,-0.5198341457252261,0,
0.03408346825922607,-0.8987840483231282,0.44130715169924584,0.16429476537056906,-0.5998220233198494,0.5374120028203807,-0.11765493160216407,0.01999548620641927,0.383455014854216,-1.332449780998205,0,
-0.7699732310586418,-1.3303136257389898,-0.7331561971099966,2.196223142152799,-1.5587869950238415,0.642301235011176,0.015027750287097009,-0.3998267342865265,-0.9910911353316136,0.6314186062724064,0,
0.2337859117907477,-0.1891203907770335,0.22899639245934025,0.4929864585144592,0.8193732681394064,-1.6942558959950778,-1.917348886010299,3.377382919082646,1.3297943652050759,0.7990680731422993,0,
-1.5558956462036273,0.9216501119244593,-1.8579014513982872,-0.05751775300546313,0.42388948244398605,1.006606541032628,-1.471126405373518,0.676507476439975,-1.6755804496240945,0.006131450435226853,1,
0.33088023221445706,-0.12754912037753421,0.6032475005713938,1.0753434019568977,-0.9657826328639593,-0.5696989629257314,0.3362778892475625,-0.4093405752186243,-0.8065198324565613,-0.5581332596574506,0,
0.8335289616089246,1.5111549302473475,0.29815846599052565,0.2106684652031108,-0.5385736732966242,-0.3578279334412669,-0.7370293611526971,-1.0561115691870866,1.6772005099660963,0.9943787309920463,1,
-1.9937356425714554,-1.4511756900515589,0.6386601686431024,0.20953423026279433,-0.46675881195144053,2.6378817522602,1.0567249112804185,-1.8802884105687847,-0.4351387479620344,0.5280360045479643,0,
0.37405656984757213,-0.01208894784605456,1.0581183250871502,-1.0916251721591026,-1.4829844319824181,0.3018733807210118,0.9668071042505444,-1.025219085737433,-1.314878664404412,-0.7684355169034929,0,
1.2276689924732922,-1.252393444413119,0.3676198402097109,0.23384802578959837,-0.8176823966051338,-0.3863224754471755,0.7191686663554372,0.11494177175913174,0.21907156253766866,0.0490947313056715,0,
-1.2096410186912054,0.3636318826249679,0.1480894197982762,1.0354434164169448,-1.1338303568063541,-2.205294372755906,1.8197717873125976,1.4273286515947694,-0.47539224221454224,-1.3517075320246466,1,
1.6725723868377034,0.8868873900973003,-0.8810683366612923,-0.8360621521000247,-0.4124790118879367,1.3897641339463556,-0.08308932774318312,1.121689142387919,-0.8358702556183059,0.6858904564379201,0,
0.4190190093660452,-0.42076179368105326,-0.712220763649051,1.4244958212469476,-0.7386974983295628,-1.3452096708086025,0.6488819259038391,0.2290948316463794,-1.0958708107987174,-0.2622335693828559,0,
-0.7050118557584089,-2.6042138566271342,1.186734620177331,-0.09170602414512598,-1.6270049208667487,-1.0034389034995035,-0.5844009765960311,-0.3231676657024847,2.768373605625943,-0.4357108323847371,1,
-0.05576907765770601,0.19894814679649453,1.4363354057059785,-0.8877695115385407,2.0225902305694814,-0.3313522990878492,2.4523699128687237,0.26881235641215423,-0.25155190018413637,-0.03287448515243416,0,
0.5583269125217224,0.4367385517335095,-0.23811043631205406,0.9976320769202445,1.2525407310292307,1.4164117917002925,1.9836336524360194,-0.518637997484576,-1.9255673603328771,0.040307699330247825,0,
0.0760053914124115,0.40429475496169764,0.04600274725327412,-0.2867942357382693,-0.7790194215199856,0.7732399866657592,0.01188043451779194,1.7183639957638757,1.4937097590055342,0.8949300615655605,0,
0.5387559924463692,1.235782191822154,-0.9046143749937661,0.7595148874861078,0.27242139665360987,-0.15783750984025996,0.3865862299051922,-0.18919018127507997,0.6110709051105707,0.5910905313252215,0,
-0.9206735930793662,-1.0710536796490489,1.1727568452674448,-0.29175863225853715,0.417465089821295,0.308292063638821,1.3592975993648058,-0.08633785824672688,-0.7664664310197877,-0.1564092787928027,0,
0.169360824036078,0.6802161054504494,0.6654168236917787,-0.059826143529903696,1.1910858547734768,-0.6003856928711058,-0.14713950481410695,-2.215822425020668,-0.9331190886861417,0.7636681497189952,0,
-1.4137144969049802,1.192507512477975,1.9412174364637491,0.4935602043342916,-0.8186050266600786,0.13965368956535082,-0.6566240707997048,-0.19543484652276386,0.6734727961582307,0.40073725369161306,1,
-0.11122606134870032,-1.7785875840065168,-0.8783230771797389,0.2908970575900059,1.092106783982426,0.07333674477813668,0.8739897510068825,0.836484137964941,-0.24691832748945464,-0.4265996362860371,0,
-0.9039076414647897,0.31965182591897723,-0.3780078990182172,-1.9955317804517385,-0.5479053042069351,0.9687698956813533,0.07843924608367009,-1.0677225770385452,-1.9259778184451013,-0.1247181582364859,0,
-0.7355299425897666,-0.5041798310076715,0.2314459225255723,-1.1212437400943918,-1.3358624041686133,0.9671781224389495,0.1829944496452604,-0.7507203344928128,1.7872399646046684,-0.1482228888431208,1,
1.2360931752104374,-0.08152267310164589,0.6464895377257707,0.9294099847908155,0.7241365593144973,0.4939773822056448,-0.8342713430679655,0.7927110177336647,-0.433990462215957,0.5052613431742017,0,
1.091310120594269,0.34767648353833636,-0.21566763754763232,-0.13213658890154725,1.2907584241224281,-0.36234755754610226,-1.7176721483633963,-1.4766572235180533,1.4955717364824264,-0.36702261472164177,0,
0.609138120907177,-0.4872285641135523,-0.8729610904537004,-0.5237313027714218,2.5879089735306846,0.7418222943901266,0.23614240987910107,1.0578010075419184,1.278434957965715,-0.3904091864216333,0,
-1.092312764672579,-0.6757080791616118,0.8814075289235711,-1.3585740152574743,-1.1997252650902135,-0.0919684662030466,0.9049620414941998,-0.532143890173102,-1.0010095444828142,1.9687573094339588,0,
-0.3164084496948019,0.0341524174880246,0.7211353625455816,-1.0797363212758484,0.6989196850807888,-1.081914368713133,-0.22580674907604184,-0.38856822049120293,1.0331898643631479,0.9397354817471042,0,
1.2130976999791834,-1.0872459388628026,-0.9162741005637249,-2.0217986399619474,-0.40980124379353305,-0.40328779191093866,1.4364295195588668,-1.1238784051255941,-0.6514425498636812,-0.7606006644251391,0,
0.14171691363990474,-1.0858251288851855,1.3554428011054958,-0.10128071870153288,0.7833587105240313,0.08452698378432454,-0.7039163254155445,0.3780462604278832,-1.866700586803942,0.5709409939421983,0,
2.319329539981694,0.6793732829565033,1.1701987091966037,-0.5984375805810469,-1.4704895512312506,0.9102157836647453,-1.05470445496592,2.45987198502938,-0.4245981660221425,0.11835006565517724,0,
0.39331783939437187,-1.148794035158656,0.13429649724779288,-0.9665878909853152,-1.262769775698564,-0.18352817215715306,-0.06723030719613125,0.781497239460632,0.397637501776279,0.3915511752600938,0,
0.1920491164900316,0.6663125009092119,0.07959786237603639,-0.0681234251679531,-0.7758748231664838,-1.209198711239606,-0.08259257535129046,-0.8642852619405358,-0.4627366479963379,0.13734132456510456,1,
-0.3091164642025014,0.4625912928539512,0.5540577711159071,0.3639706308527381,0.07896404566808451,0.05674168329681941,0.7699687313352226,1.135620585491476,-0.30704834092510147,1.1896426454852358,1,
0.1335409047822823,-1.7258067287905967,-0.8617030702562581,2.0931979322099448,-0.6410812665383554,0.11345604005655238,-0.7749628240639848,-0.31667954593424946,1.143566044928613,0.34562034465144587,0,
-0.1524698363805439,-0.6775646523356551,0.03003147916408217,-1.5118834195632136,0.6590543439134197,0.18583762890275304,1.368094236814898,1.3744849814275593,0.10649398029009184,-0.062088698214287405,0,
0.7081086766885905,1.1941094030473725,-2.1523835446091804,1.159381043300522,1.0268946182579144,0.9198715159544302,1.9669169625082537,0.8066764021643629,-0.8432983112849525,1.0421905769830173,0,
0.9567023167945841,-0.9811655311396816,0.8764556455029355,0.973101561015072,0.5995775412453558,1.0189232400898984,-0.03914402696834188,-2.9431415654717332,0.7020303236673265,0.233285041087872,0,
-0.7859894605079495,-0.46440426230938764,-1.5614932224418594,-0.7790927393767005,1.618787639660868,-0.5942108723816666,1.2497104201843185,-1.0040796329550274,0.19767556695424515,0.12147857932905783,0,
-1.331232953557778,0.4620608932518965,1.503419828428999,0.20323595458603103,0.415826629455343,-0.6161434580489434,-1.05649707062526,0.9443852228353897,-2.521604801462043,0.3140226024861145,0,
-1.8362053731032966,0.7833905092825955,-0.3301200939664503,-0.45763324933761523,-1.216896710340167,-1.0401987109554731,1.075221541181916,0.15165727214501756,0.4283529137714487,-0.0936090233663665,1,
0.5079913269125437,-0.2515388860444957,-0.2116669819311769,0.18568858041873892,1.3633765135383398,0.6988156702804763,1.0472764085594626,-1.0237559477078506,0.3918287077161016,0.009226992995468902,0,
-1.1033666061738736,-0.5975101946916416,-0.6277339060845056,1.5091310134045506,-0.6051562356059974,1.4488201083377155,0.8634372801898786,-0.6335895154938127,0.020121129580859987,-0.5866945887618727,1,
-2.152890592952483,1.4223698616985077,-0.2880388739220764,0.605606232631313,0.91041849968557,-0.3150819279089234,-0.015563088870293978,-1.9062366200893806,0.8917005810695752,-0.7511672196238788,0,
0.3885786045309641,1.7388996637975789,1.4185313451480366,0.508608373233442,1.5737342165551063,-0.2414305647249931,-2.954248941242031,-0.08837328752639602,-0.6723935843265022,-0.9985703864824396,0,
2.4929995174327906,0.9788580507817954,-2.4878086565350794,-0.4303093199546424,0.45668801073039916,1.466782556898976,-0.6417271436521294,2.2106897260157643,0.33649978882090087,-1.391983286797076,0,
-0.006070911539893324,0.08531814256502405,1.2769653860881878,-1.4840566649243352,-1.4961588131646497,0.5055578532150077,-0.625916017684602,0.8049333907323256,-1.5669593711673528,-0.8797173613845565,1,
0.8384907744516419,-0.8082657216409264,0.33802348110170816,-0.2084682105404079,-0.9182121665097915,0.43623570480105506,-0.9782549380604774,2.190417001188423,0.4070903833988318,-0.17426703446692562,0,
0.08182935854756501,-0.8304444065565653,-1.2070216478572156,1.2066081548639151,1.3227444668851356,-1.1909165059737268,0.12224300454706621,0.8823970897899802,1.9530596955398964,0.10311758244563701,0,
-0.09888965319114267,0.5225141052657575,-1.0753123930492379,-1.5271678565896476,-0.16912268564281638,0.678728069279419,-0.41896344552123466,1.0274793433526916,-0.9948563524675411,-0.2712965631476405,0,
0.9190764829877686,0.4183982208886837,1.676393027208203,-1.055089368176695,0.07957353494216583,-0.9291363405097582,-0.8246120097650219,1.9740786877450238,-0.7598021319877752,-2.355703490127358,0,
-0.29027454418865134,1.4015985929464294,-0.9455068799427312,0.12626773623406817,0.7588244161636093,-1.1340201859349581,-1.0588001482478198,0.3772632593422264,-0.7100154428915523,1.5745863577623422,0,
0.26739231407190295,0.6504500925361392,-1.1533505105959594,-0.9846547848472624,0.6963228620803235,-0.34677157676671216,-0.7155129854852287,-0.18722732150688023,0.12999822580159529,1.0864801228903818,1,
0.3216978061960136,-1.503080301759818,1.1373145423647293,-0.7925234471152126,0.2787998123854607,-0.5857927234486902,1.1214992118499283,1.0326575166220122,-1.0630362728537182,0.4457598512171287,0,
-0.6680904536430488,1.0519476177229186,0.33855287628591424,-0.4235985817281771,-0.20866837122046583,-0.22159969438503932,-0.6610250546274942,1.4538402371218848,0.42124737869098017,1.907490672553268,0,
0.9920423495365228,-0.9980606273144129,-0.9379255765363989,-1.3656174041901494,-0.3126684457323573,-1.4409816345249187,-0.5149387064332724,-0.47996464271220896,0.8468399454691652,-0.9773641174837107,0,
-0.17495975669540864,-0.3839712719523516,0.216624975404619,-0.9741218462163683,0.857898825291343,0.9588163064676725,-0.45669761502324635,-0.7215690823400293,0.5343472134537843,1.8876251206260046,1,
-0.7557451594928447,0.2502002062516945,-1.0257526836402773,0.7034279167873088,0.5535695310677933,1.127686294516429,0.33899351380941967,0.13885603243088018,-1.7684154256380724,-0.9652140767505479,0,
0.5365098435704035,1.9956674897839644,1.1008213984226052,-1.307369782230964,-0.2573000006177896,-1.9473424741408143,0.4562494885285328,0.8314988669316621,0.9951676651586061,0.23873792529135657,0,
-0.8984679817910373,3.109918556005361,1.0613709648731335,-1.5978721344948377,1.0821123129931407,0.9784578056665502,-3.044656539243162,0.7980910486615617,0.9373674142536799,-1.2738373251342043,0,
0.028181157369128247,0.6067230591361827,0.5320061988219431,-0.6300249795338944,-0.12903411512978377,-0.8105286298216263,1.0216352138276081,-1.4241676001875991,0.8301613723463044,0.014694095544366792,0,
-0.009118996644203544,-0.18319661872038787,0.3616610612470166,0.7319555025098458,-0.8516621743343933,0.8569755369827861,1.436368034243754,1.9116060670633217,0.372842248655825,0.3861664979983887,0,
1.085895565831578,0.5345056484805503,1.7611881248673737,-0.19692180799688955,-0.7589706989033448,-0.06844649266641564,-1.0501865373616694,-0.6411649293968504,0.2201893142051328,-0.1546903311345547,0,
0.4746982328799528,0.8876554258738361,-0.0003136726117747121,-0.46458107811561833,-0.978740836309766,0.028775564080998586,-0.9722982447348347,-0.2650649968885794,1.0323893981263967,0.7138774440901375,0,
-0.025026958745143917,-0.3206676255571917,-1.1818741254208012,0.04435879751560705,-0.2724100166036872,-0.1850976494212187,-0.45025338777827145,-0.9026543599878197,1.9235134876034545,0.09901444948725731,0,
0.8177662992002871,1.7952113559123222,0.44947391283230687,-1.745707432859652,1.233724278336193,1.2121292042334861,-0.7560040194566048,2.6983288359370876,-0.9530404633648498,-0.5224147283775092,1,
1.3902075490173134,0.23007075919140207,2.0860470495371137,0.49470565377503245,-0.8050951810305088,-1.2395880125250283,0.22392687394660638,0.24207067028796736,1.0781253957947718,-0.5668133178023392,1,
0.5578103063518622,0.49774308909139425,-1.0147594931858521,0.38343503140364416,0.1884757610181029,0.6078403387350085,-1.9465252863588642,-0.8509750806815649,-0.08621709800745275,0.8109137726156964,0,
0.010352619843380607,0.6659242520544614,-0.36146276669398575,-0.40930847409572124,-0.6566893456274132,1.1013301648895504,-1.1179276080367397,0.8639235499624459,-0.1296730520286007,-0.6537420298069675,0,
-1.3118362323501596,0.4215866106144557,0.41644603810145264,1.0059245117964166,-0.26030904127143756,0.7163400805404107,1.5391972001749075,0.7691357793100331,-1.5365306903820384,0.9154029704849369,1,
-1.0651136630753726,0.8389405004696122,-0.05390484900573916,-1.1274960989530387,-1.5100412119852522,2.3246989143234176,-0.9282199673480178,-0.1877270235798839,-0.28478940951539505,1.2227117928319309,0,
-0.30522470435466764,-0.6172531865469232,-0.9823035803773146,1.127908993253569,-0.2205382291565374,-0.5289467627246989,1.2434282781029249,0.8406067127833832,-0.9972649579684154,-1.66871386234613,0,
-0.6095122021592831,-0.5583017539460305,1.1218578562304709,0.15449366559525113,-0.19370537980496205,0.9573048225935312,0.35533819559013685,-0.8252919608308644,-0.4638544295059457,1.1329263873010347,0,
-0.186971302985446,-1.100154232971695,2.3200407220172594,-0.3365525898781734,0.5402879440356954,-0.10609063534142033,-1.809267714588258,-0.4929182749492523,-1.0981863837781498,2.060422698444699,0,
0.056649924897107164,0.4395012306202264,0.19613145902390733,-0.01987363536831157,0.22328091325537056,1.2334060763526695,0.6353291952162062,-2.010216654566063,-0.44890838731300636,0.25200376120192847,1,
0.5296927543567308,0.7789365035121141,-0.9040682897360003,-0.10726476581094174,-1.1983921249520453,-0.007688995721369474,-0.11766730219285336,-1.3239510842195628,-0.40611035702340326,0.5990841852948223,0,
-0.07049877805909122,0.4577728661518858,-1.548960525053475,1.220282896417717,1.0841982440435427,-0.38787578186246957,-0.4554670562497405,1.8076308056706858,0.09675491843880031,1.0370053243691586,0,
0.4865016438262019,1.6744924333475373,0.2579759812211809,-1.0766791274710135,0.21030304022199536,1.306072203871629,0.24495709317200393,1.6414286277223145,-1.614749862291331,-0.2754823151790223,0,
0.06447441481012024,-0.005596018829046555,1.1038773433162576,-0.7625192391465982,0.19839351717748668,-0.49156193901893,0.47463348556679213,0.06578864864896251,-1.4455181477453234,0.1822802235378697,0,
-1.9754665663538713,0.6687416555925126,0.4751677464953816,1.0363028920724797,-0.009182353385138937,-1.4127257589005562,0.7075918219746196,1.6629314471898375,0.36191427073052657,-1.3141995296231093,0,
-0.9393353938187543,-1.0917008761393143,-0.002403840918853844,-0.5955349351838592,-0.5177574472222197,-0.5168468831738285,1.1782528475480023,-0.16007448660830478,-0.7974381170700989,0.13863502853045098,0,
-0.14408755572161547,-0.387099702474401,-0.5892716517893062,0.9005330773315916,0.2178023397487261,0.6190329465885325,0.40813591277835637,-0.24341030256790794,1.0745297902299311,0.4981119956445415,0,
-1.2096947428411076,0.6955377575657775,-1.0921636327180897,1.6994359830087096,0.4755884359285824,1.3920387515870913,-1.3756340887863618,0.05651064846555637,0.2252697220150467,0.5161630229264693,0,
0.5999287299962045,0.849102110743144,0.8347513263248821,-0.40179502694163366,-1.746895691345555,0.11112937529651211,-0.47364545765119104,-0.12492159532356542,0.6067621502064073,1.0654247235975804,0,
1.5307508323436974,-0.29396694766418224,0.9137716213855857,0.6813623265753054,-0.5387608373460957,1.3181970672340253,2.9430483352686214,-0.21519632356018042,1.4106923204208948,-0.7748021781355291,0,
1.2187618516973167,-0.07159925185806683,-1.5457297866907331,-1.1536922813398585,-0.2549469704035893,-1.3581749214775936,0.7244910603817276,1.1433981071495527,-0.30971081180657256,-0.5326067566734964,0,
-0.213442870930208,-1.5178737466808094,1.5898389781806839,0.7547332980678092,0.25617060569427813,-0.4432634648179029,2.369287300811497,0.1501356539562031,-0.5744867054162757,1.8955073459913552,0,
1.490726136849952,-0.3570292008066094,0.5740712208940013,0.1994239859867671,1.193311005927126,-0.28857511715410117,1.3954340821991853,0.7124817644338045,0.8717025855988134,-0.15032837376370992,0,
0.14866745720211155,0.8903831635197862,1.3995946451457935,0.4730382821602152,-0.7717408145967823,-0.11455942747251965,0.24180207155574857,1.031380525277331,0.5095135639296859,0.200033787312328,0,
-0.33708597111803934,0.5752050161065663,-1.342127748485115,-0.645572072035395,-0.497961846817842,0.08409438825019651,0.3014070697811174,0.38818579565473343,-0.18733030982130086,-0.06701004172522106,0,
-0.6134026635409398,0.5006657213812097,-1.365824155415439,-1.6610834155671725,-0.5125341106465501,0.6909109573921928,-0.03658003987684579,-0.9702713259082388,1.3914579669559421,-0.8216808263050224,0,
-0.30246968648812833,0.04977368718096008,-0.14896930976729691,0.5032520647495048,-0.8015275901045416,-0.44480683817049027,-1.7378046158464995,-1.3528658889640388,-0.21224430983993056,1.6235292108918062,0,
-0.38817681854122876,0.007063158628176452,0.5027844268951942,-2.0634031524794545,-0.34718649511226246,0.1390286869531256,0.01804725246822428,0.1487806348073052,0.03277363755578143,-0.5277014119206057,0,
0.1704162223754877,-0.6603211394734471,1.7963608229269636,-0.3173504922425348,0.7708022199879712,-0.04512289032405165,1.2106745525421971,-0.17125630482493448,0.021222650834258405,-1.12728552370693,0,
0.1605739810498646,0.6988284202025348,0.7060789138151315,0.9411818664199697,-1.0538354953643456,-0.9258899038911499,-0.5996399948212037,0.08739142892012171,-0.9345938948984711,-0.4507402773027516,0,
0.0030460201534144695,0.4209729443893898,-0.24268127681203333,0.19189773587303607,0.4278143951529032,-0.11366668908143539,0.41195299906180954,-0.01605403924858619,0.07758538948639096,-2.0017060017255335,0,
0.43693816974634986,0.49201884799279927,-1.0263692076658921,1.9483426447898131,-1.7019022300183355,-0.14365952989711814,0.8515910458931973,2.583573660166567,1.3967601773984912,-0.6512874649831818,0,
1.1906462747863413,-0.5260348426675804,1.23000057271915,1.0251091525817735,-0.5613379964422059,-0.1650805650030461,-0.9096804393124754,-1.330226255641338,0.4449683153761758,-0.9681285978523266,0,
0.9495541354413237,-2.1533429198712444,-0.9647054257507148,-0.6538983883255765,-0.32948930021798606,0.03175945658145075,-0.4513028643436646,-1.9899462698211248,0.031063426398931438,0.6174286309273244,0,
-1.4848979684499035,1.0971527117536957,1.6284685547723217,0.02731337985143867,1.6748596729140648,0.07567354061338613,-1.0179114904771591,0.33237683351960967,-0.16176728116566902,-0.6734142395598725,0,
-2.553921134901955,-0.47883745600840416,-0.28438464960650933,-0.04737070254443595,-0.274802304752688,-0.43229517910733023,-0.8221656066894069,-0.3764225545881953,0.33086702840635124,0.8878039355788485,0,
0.9343199112392737,-0.8627757640431206,1.5905820726178503,-1.5821767633461272,-2.2012434734509183,1.2727147339712648,-1.2876052836530612,0.3160678697299512,0.7497666284891851,1.3984839930693214,0,
-1.366878698415421,0.6934789119139937,0.6789312900592783,-0.9403989164843533,-1.9988889068612499,-1.1694806292030167,-0.9004484613780268,0.5838830222840011,0.609238830889753,0.7811753362875992,1,
-0.22476540189268354,-0.3920126399191296,-0.13699548944245826,-0.5607609069798603,0.03402958634668099,-0.7209701084698963,1.4194556807978391,1.2841046951788975,-0.33186486182197916,-0.2153882888600766,0,
-1.1701130260593595,1.0599363840466218,-0.5193963718261266,-2.0362205028559366,0.6137708557899086,2.779963624223556,-0.9154770290902925,-1.5072258203839384,0.32478159411011454,0.14111449670559295,0,
-1.8019804375800197,0.6170059495766975,-0.3409078773460798,0.047493468251642953,0.3754558576272528,-1.03799135498923,0.12645921906069005,-0.556717897857163,0.47993974114827864,-1.5249849401440596,0,
0.541462728204788,0.6835693232004776,0.4283166923752375,-0.24907184465304072,0.1675701058009903,-1.3537546747097586,-0.5028687536709558,0.42876125888076383,-1.0071949875269783,-0.13377937252123967,0,
0.7591551603026468,-1.3659557112005343,0.07715649621771674,-1.6728939013115742,1.1622595975056669,0.7344767450012178,1.178865937036939,0.7704635956872266,0.16823054118369438,-0.8604384680668331,0,
-0.5765104007267194,1.2119439853864005,-0.5938114080687051,0.4042128652773321,-0.5395912207371316,-2.077119853773874,1.3111622966036165,2.1934495502883857,-2.161303886302362,0.6943263811492989,0,
-2.59104229214491,0.26125053123385605,-0.16563141031763223,0.7158727446909595,0.8949105560268252,-0.2352739099724389,0.8640699821389469,0.9557039711138672,0.48253370982118504,2.572752389244474,1,
-0.5462444482524828,-0.36927713924620315,0.0785770297191498,0.2270344788648889,-1.6320148850264173,2.1458249250764885,0.30613455310275534,-0.05678859588627712,0.6603430545626816,0.49982163597380935,0,
0.3918040054025465,0.14338846734225108,-2.128734094414812,-0.3240681752089702,-0.9049478329380662,-1.5449359221534005,-0.23105953684089858,-0.8904357529426616,0.7475461257864594,-1.9911401489546665,1,
-1.4789115687741288,-1.77623523289832,0.4581681147886987,0.5914421517518549,-1.8070413949318163,-1.9819644857387133,-1.1918747041912499,-0.5642898527190192,-0.3950468521695675,-0.36123019291437297,0,
0.18335991977915564,0.40865281148067084,-0.9797212247168068,0.6802203604766911,-0.27484530066979224,-1.4991812019576982,1.9435288811221971,-0.5927028229571065,0.3090468350240348,0.12249092537445466,0,
-0.015309849172995557,-1.0293715081820716,-1.153332403205745,0.3074035697196884,-0.04626121726634254,0.8983595683469856,-0.7596730177525534,0.6552336285137607,1.4239538455411669,0.0873574252602637,0,
0.5792914996010884,-1.3526702858435344,-1.6873443471107104,-0.8246122504347609,0.11410149222651991,1.1247767199858125,0.6636463470328414,0.2569974455858305,1.4137696482912587,-0.7308131256087531,1,
0.11958036841415326,-1.5223591862178911,-1.7938924978678903,0.2766007655111807,0.06188335288713521,-0.5125887969785088,1.0595655726233972,-1.323649570842179,-0.029172699226560628,0.2452917426369353,0,
-0.9730689408815555,1.1126883749899252,-1.3554475031122892,1.195480650825479,-0.927553330811728,0.6832124040010689,-0.5552804969053294,-0.435901469090433,0.13931963072955983,-1.2425008369193873,0,
1.1965715016644913,-0.6292633936927887,-0.7090209576304904,-0.5966290586117302,-0.19024084441321568,1.3902553275119895,1.0380125273159622,0.8775475534514207,1.110911144734433,-0.944908722685067,0,
-0.15852957302697002,1.5337277099164992,1.9532591375265682,2.0979393391324312,-1.4974466686057486,1.7873464144298254,0.7642132033388553,0.351662354974059,-1.5008020152621748,0.6457976416037114,0,
-0.02730453950993186,-0.5358014630522978,-0.5258796758952039,-0.5256309339853844,1.3632289751322504,-0.24633528117984818,1.7279638353817652,0.5686446160127705,-0.32307574267702455,-1.015663230879826,0,
-0.933267959073196,-1.7073579575929467,0.17775010626803134,0.032407013340136216,-0.303626072898001,-2.301471717669987,-0.4693464664267112,0.38292171005726305,1.3355704555367565,0.5382116054922572,0,
-0.4432822511915103,-1.1165244399486591,0.4004813865063287,-0.6724855960063362,-0.4888861190436912,-0.8208789224096867,-1.2858640172797149,1.6264307346088593,0.9752005416847661,-1.369463774656058,0,
-0.8848027140269009,1.2358116200069387,0.13106518621584873,0.22327083592026087,1.5889403284440828,-0.4268041949352576,-0.5054897554445111,0.23604306382437004,0.36926377764990465,1.764825883791736,0,
-0.172946059923423,-0.15589817793666752,-0.07744346072599365,-1.7422216926352752,-1.2422465335492292,-0.2589387965783906,0.20885354253433172,-0.386022797870698,-1.5058324053306205,-0.7742699224040547,0,
1.7117084801423434,-0.5482872964906009,-1.1952937635992447,-0.5460417988167212,-1.125587114031969,-0.1878594010087195,0.05821272708505647,-0.9157550411335605,-0.04991023304116202,-0.22366657180344413,0,
-1.3719011429313563,0.1600182258527877,1.4509275482792119,-1.0921212003485672,-1.0962203248685651,1.1188945979306693,-0.39343789627455045,0.2496094582097118,-0.589915396249933,0.3306132610904059,0,
-1.6135613978767411,0.501782736167545,1.8071966436378852,0.1353383478922909,-0.0678713816994819,1.2744284266875814,-1.909197458977243,-2.440704014775084,0.3310389028172135,-0.5653499525010943,0,
1.4711703274936085,1.1173988159024608,-1.6826586941226858,0.9944473755089074,0.4316316296375973,-0.17167365392478334,0.4704829961291065,-0.18428900183271194,-0.8093466847948803,0.14340596107130443,0,
-0.20932367715186612,1.4484992298929262,-1.0240285908863795,0.6460061871145515,0.7396754681178337,1.0984848760518187,1.9723444790822,-0.20583985992134396,-1.0257233949746074,0.5753567245201257,0,
-0.6690727386599166,-0.35976864578908574,-0.2798103423770061,-2.3716593608588923,2.571995317494969,0.3576613666310894,0.46425123812300356,-1.364470853617281,-2.0648652776836416,0.9606132325034853,0,
1.0399046873960764,-1.3260476860820383,-0.9645377949101913,2.0420696529278803,-2.2494324542007638,0.06450597286257172,0.6091355190535136,-0.9282658386559959,1.2218046849767015,0.7914974359729572,0,
-0.6056155397368641,-0.413465161123276,0.5059655534558652,0.2952799406208684,0.6087355891244169,0.9065441571099638,0.5724453061551018,0.8096575301482413,-0.3997705114430575,-0.171810463802674,0,
1.8260097135469362,0.26028050658288615,-0.7282722024066131,-0.7764991404930003,-0.5571305725722312,0.07225204823791581,0.3970466698823999,0.23071174907496259,0.15714578370253451,-0.14663177404360228,0,
0.6779258713392691,-0.9637589262106109,2.1650560678066024,0.15712791899094083,-0.5864151488887734,2.0578111770977623,0.9316659668680948,0.1017883337073275,-0.0022381164741810933,2.3491085580250326,0,
-0.48791140814570266,-0.9571509148950429,1.190548594343596,0.17618982250269238,-0.6197721282538776,-1.4384111667945592,0.39537368118566585,0.30634753393202263,-1.0674339329604994,0.9498890682492921,0,
2.1573082132655035,0.34378788154988543,0.2125740306322149,-0.6668487169515637,-0.9087696708079733,-0.5151708990920177,-0.31267716965327597,0.09262758794892355,-1.2590649114481933,-0.9218236563202137,0,
-0.6057149230033384,-0.04865235157045115,1.0269862633197322,0.1979166673420755,1.6845248346034518,-0.1265188969539503,-0.795988910008754,1.2428625628583145,-1.0053151259972355,0.0999881637655518,0,
0.742095372009307,0.03279699541158651,1.105900424357309,-0.6074722876203072,0.8422973270139027,0.43945269045799057,-0.24897365528067522,0.12342918170364875,-0.723168438829393,-0.3351431387781925,0,
0.2992925804064919,-0.7584953347000695,-0.5639474880582432,-0.40436199269002276,0.023195978557374822,1.267960487103089,0.31412949645066596,-1.4582131138187504,0.36660624701380495,-0.1353342339231097,0,
1.301741289398798,-0.23040071420576733,-0.8162172445419648,-0.6862791357550845,1.3510157524870003,-0.02439856723615665,-0.31608296112297335,1.6301299648744103,-0.7957176635206115,-1.229495157708088,0,
1.5615111967268527,-0.9242331442683044,0.07814306296964744,-1.4326712897396527,-1.5125289652988756,-1.4222296495062072,0.3143386831314305,0.37034026732884573,1.7464906315946216,-0.41192323438595313,0,
0.032004149065766624,0.8901984111247868,0.861636124497944,0.1458364702153839,-1.3307051313309262,0.8425138964550043,0.43915013370041756,-0.5892537307950677,1.027151035893151,1.8115557731939131,0,
-0.7534178703461835,1.0352493347237526,0.13906039865341766,0.5852994365163381,-2.1779677321946878,0.7549587661419644,0.8331794312701818,-1.2534017182950186,0.8083595496657083,0.579076300875503,0,
0.4599721429391164,-1.8461878622380938,-1.5769964821909972,0.5148835960763722,-0.6994145401232875,-1.941858659379406,1.2827949688389804,0.3959142209580454,-0.11965890247315014,-2.49116140815146,0,
-0.6777153697521061,-0.92951086019241,-0.8028244439508423,0.8199252526352343,0.1616985267047529,-0.0038041336707993834,0.0780074184788575,-0.11717200497437547,1.5142807357204837,1.2167234924979469,0,
2.013387247526623,-1.496529255090079,-0.07397286359437803,0.3243402100148682,0.10285857793233408,-1.590141830680298,-1.3077765651476607,1.5741467860324088,-0.21800563112112403,1.0896295229091613,0,
0.13653533108273744,-0.6500239344068982,-0.07566560432583026,-0.5327254982169035,0.14934191105988046,-0.6646510975020625,-0.3451040968191901,-0.34590728066682785,-0.031261414154246076,-0.35928530430641653,0,
-0.3653215513121087,-0.08343796979036086,1.9725421767898081,0.8396638644311888,-1.4110568310660818,-0.9028089269627998,0.044062567406599355,-0.8373807896824669,0.1699745397492694,0.7172635437832151,0,
0.1846803058649084,-1.44964521969853,-1.385987942398998,-1.357517539841935,0.803154742614022,0.8092646982419858,-1.8357687561770901,0.8957962182359285,0.701823040543344,-0.8593992108172007,1,
-1.3471262895296965,-0.9218598131253132,0.5055892418358746,-0.9006713825124801,0.23962751823899794,0.11683017417218379,1.388664520102482,0.9252818927168314,0.6369080790029854,-0.47025571626635737,0,
-0.9716140385106515,-1.0039573720814985,1.4891131083282896,-0.9642000714232447,0.7330542814659985,-1.2855910007560276,0.14237791251046628,0.1686513676101955,-0.4751252784446032,1.4985463606698537,0,
1.2004139079444254,0.20726732939894396,2.271449745422796,1.0800560591393102,-1.8927621775900518,0.8800659629573423,0.3813528345802849,0.6763570476749083,-0.5329937194259537,-0.2717300398697084,0,
-0.6568942789713957,0.06934433703625043,-0.40439742318396127,0.9427885141400756,0.31149085879778987,-1.4338058239284144,1.3655264625262657,-0.0376871207422379,0.6399029571520845,-1.869731661954991,0,
-1.0469109826819396,-0.7217375533372533,0.4914294527201998,0.48730523704499484,-1.187765239917527,0.33011379047094364,-0.6301428301423468,0.23386510100924698,0.7152365838912327,-0.06330322278133675,0,
0.5366527525272862,0.17682087213939798,0.5697603571986469,1.0719298652117972,-0.39732325255136186,-0.8140106692915557,0.5740419308840301,1.164990882563923,-0.3933511248228728,-0.0785883929143568,0,
1.185704154662997,-0.5466800845872654,0.19548173155329082,-0.8792827824119881,0.5343648986363834,-0.3656770825305199,-0.10986412310193568,0.625318334021503,-1.587188069678454,1.1983685693734596,0,
0.7189533106650667,-0.2716551103260533,-0.09884520123930605,0.3485951198609804,0.09109360625591317,0.504270748038384,-0.1840868670159194,-0.1692744383326247,-0.20731609600824458,0.014336422175760023,0,
0.9960476858058164,1.673452090298537,0.4359753895000459,-0.12517442838316423,-0.8515399797793188,0.521449399059529,-0.7721923878043793,1.3523625459261506,0.6235257988258587,-0.42158231144029273,0,
-0.7567950885694608,1.340461051790348,-2.5322460852196853,0.8468821038849139,0.006273156184418285,1.3369690735559603,1.6656032136865273,-2.3648553727915123,1.8054168464197806,1.045056145231206,0,
-1.4218106667418438,-1.2995812369275976,0.6820694900626313,-0.11522423255219759,-1.531535315243643,-0.08225369967145317,-0.3755000400755709,2.052073311421935,-1.197957962340662,0.12079023250111028,0,
1.5013336519554867,0.8297324178791745,0.12617790366196718,-0.3849428884100812,1.150267395898296,0.3064508629633407,0.6994642468957021,-1.7059590948907353,-0.42657125283057357,-0.750022681565717,0,
-0.32267983884213575,0.8113965544915921,-0.22247489677826537,0.54090851856099,-0.20528401949625125,-0.4377373224043246,-1.8750073874719364,-0.627092824772296,-0.3894035615253766,1.1549975605416176,0,
-0.25083301645504735,-1.1482632887526183,2.046862195719558,0.8761691671912328,1.118549944255326,0.18198988262279764,1.1799885296897865,-0.04091753519506904,1.3558053394315013,0.19366176451679923,0,
1.328194141849058,0.8187776437548606,-0.6749340187905523,-0.6683451948468017,-0.526531687096043,0.4394860480085117,1.0522111559570586,-0.14648067072816137,-0.03494150045863278,0.002925966679437699,0,
0.5562300094006599,1.5379319184125528,-0.4030759890650308,-0.0610756713523761,-0.5235759884065829,-0.09830984745437601,0.09743411029730303,1.0064110400265547,-0.9073265593722656,0.1779083914116544,0,
0.45588777208160763,-1.1225448062444139,1.991553302204734,-1.0584406336416528,-0.7641867866378464,-1.8037504840924963,-0.22694246613792435,-1.0578366186102344,0.5586952829218191,-1.070668371416597,0,
2.165002344901084,-0.9175028210142636,-0.8320613048498566,-2.4980610174929394,0.8761739316930753,0.3314708963308953,0.4000000056135664,0.2607668174830632,-0.40463852004094636,-0.5276537761783373,0,
-0.643518230380143,1.0176614668435024,-0.5501152829365389,0.200459631413729,-0.7094311573284758,0.364561477355457,2.2887906608802893,-0.578212098219754,-1.2243872733579544,0.003582601832783283,0,
0.9278401280812372,0.271495310825648,-0.14702542343084998,0.6089053562546319,0.6445954324151765,-0.6801734763479509,-1.7632366989034851,0.2951409793374166,-0.8927733072761507,-0.19466369502467995,0,
0.0570131248970845,0.5514762752395233,0.8407344821295493,0.2620668090867255,-0.38245239766929023,-1.2843870360725143,0.7820273875741276,-0.06477225979787651,1.734041954422619,1.2724283828165954,0,
0.26859227886325693,0.3405892164004968,0.2078025073533134,-1.9495617177543672,-1.9759632998916197,1.4758791505039655,-0.9116173021539026,0.09293565268297786,0.38420922164946225,0.21740585272700344,0,
1.5284684264125317,0.39069592092814415,-1.2926253471522626,-0.35084943007647457,-0.5703140677864661,0.491445510894402,-0.019918396299731203,-0.5499248324643456,0.10776005545254295,0.8549039226364025,0,
0.5078357562896237,-1.326472128311083,-0.5321685631271895,-2.2183477600510813,-1.1791082143628482,-0.2290810309217097,-0.24788011907866303,-0.5100639500960824,-0.24989373581204613,0.009395354575849457,0,
0.538296079049633,1.0473177066214483,-0.6073544332122114,1.3697011076541847,0.03390272368233751,-1.1370328831474874,-0.4283182577977557,0.28727251402742693,0.2921488421187989,1.056288483746123,0,
1.0725073373098022,1.1695899924277735,-0.07722104522304557,-1.086054582118086,-1.1904077356744902,-0.8218148284213459,-0.010465129052729338,0.9437155057560443,0.2802359460024943,0.3975277565731539,0,
-0.3649527295428853,-0.22939074406802776,0.4258436586298291,1.2554036094598964,0.9259751007146168,1.3025903967862316,-1.1341711452777905,-0.5982793341978477,0.2921688282073261,0.01342048538846011,0,
-0.8392096673390064,-0.04347694981386243,0.4182057558879721,0.9458696436841456,-0.09107586035302723,0.1376619408680461,1.029180436127967,-0.8687675445729097,0.114845090277753,-0.013283088959019524,0,
-1.0448091940210336,-1.5311075025557221,-1.7760117540484022,-0.9005903525360617,-0.17759599475873897,-0.5505870670007066,-1.7941435111986004,0.613460165671837,0.8687983383055493,-0.9544386262909633,0,
-1.9663565893760018,0.5142547560178349,1.063940987560856,-1.132784951267745,0.6558921377875826,0.5096892312246561,0.539764512828342,-0.0325038930576894,0.02310434600073103,0.5069157201363107,0,
2.056207129940322,0.5720574417141441,0.2525688459966235,0.35037021638633825,0.9639069340758625,-0.8143981874463238,-0.3265358525345711,0.830498133985952,-0.9779388355526387,-0.04020473453637896,0,
-1.1032083657216831,-0.062191016999311004,1.3845320475939062,-0.844324037183071,-0.020098751769651646,1.5008430302803784,-1.1709248938074537,-0.9057972133711476,-0.6124228909008682,-0.5019919601812046,0,
-0.221253623585772,1.1243533598705027,0.4441983272906719,0.10248464215820753,-0.7712002995492906,1.3528005348967251,0.2023833705986952,-1.7794389254234309,-1.9790186934897123,1.1064617708120716,0,
-0.27681329988892067,-0.3340772309799405,1.1013229577357622,-0.48282759080691834,-1.7739696161121294,-0.4665740712027766,-1.556951086706478,-0.5330040818263343,2.0268171160423925,-1.2502160258948012,0,
0.30740669780910074,0.5646059258936003,0.46654531145012695,-1.7811584144656334,-0.68604975703518,-0.6286702470308604,0.03971382171963468,-0.766352609265016,0.8627545919526867,-0.422495895432434,0,
0.8157372125392968,-1.0196643386921156,1.3462257562027482,-2.230468019124459,-0.6172122466479616,-2.61813319869228,-1.4228769078115544,-0.07878840008029991,-0.8300704951292369,1.0277187487795334,0,
0.8604734883597454,-0.02355215087423812,0.5222506360177785,0.22668424849459717,0.10705745299229676,-1.481580771551368,0.4612720843178312,-0.6368452142703895,-0.2818448493970999,0.31552294092025324,0,
-0.5830774385689385,-0.17435425790283585,-0.09791524644290406,-0.5615577463306254,-0.34514688113802716,-1.3394697749577562,-0.9243573336303755,0.7410169513364492,-0.6368764742064333,-0.04785892765275731,0,
-0.1671217137864115,0.22530792204094158,2.2724347204468818,-0.5530898169141323,0.6879329720514281,0.1351903409873859,-0.4509940170293094,-0.28815026242251623,1.542547211374117,0.25100354315014656,0,
0.28257995048829965,-0.3695269288333586,0.8890371222798921,0.6958638390937854,-0.6129832712706895,-0.3262337044413596,0.2939493879431622,0.15047449877390098,-1.419877164270929,0.1794141710488413,0,
-0.24869112618354708,-0.1314725956716678,0.5737444210044131,1.1734422766324448,-0.05704116685294176,-1.3453354874152414,-0.7725421118422359,0.15763455844094396,0.11447605881877927,-1.5166625462859213,0,
1.6073455760199926,0.8260471714415063,-1.276304416538336,-0.2725447213618092,1.1839874431968893,-0.2811640424645573,-0.05796399966830253,0.19495509241218734,-0.10852784256484785,-0.3492618853479615,0,
0.49097495163825133,-0.43676423723821745,-1.2883076174635377,-0.3405987069098615,0.3418252139549665,0.5053371476473485,-1.5138305012448536,-0.024129110454973405,0.8268386307091143,1.6165216545137489,0,
0.7348777860498175,-1.6065771007386793,0.2927154821418534,0.5001430331138838,-0.06003754168856451,0.5278393499155871,0.6308756035961556,0.5106006904103135,-0.104009227724695,-0.6593241347771676,0,
0.6628812686674127,1.7495839042054206,0.1455211977682408,-1.3569355696995753,-0.601944441935177,-1.8996702808588812,1.7649138055507714,-0.7956551338258075,-1.7582088766554351,-0.31830101410433403,0,
1.173473857485325,1.3814540786904865,-0.6141225650083162,0.223153054747697,-0.6332313967149771,-0.12826348048383082,2.7922088679099613,1.399417926653883,-0.25111783464244086,-0.5416207633091875,1,
0.18102155870370695,-1.2922626951056186,0.14098269961206,0.551885971822154,-0.8506132529519478,-1.3833407769716104,0.09116814666643917,-0.2365373833685352,-0.972162217943325,-0.08701522331813741,0,
-1.2968319479558466,0.6897078052451944,1.5886269280435958,0.6802302084176292,-0.5410068657828994,0.9017286971402739,0.7882041407971867,-1.3115491378986817,0.07957954655656065,-0.5831228313242981,0,
0.3996879517526416,-0.5029747705513431,0.6954024745502987,-1.936752702502465,0.7556658387443146,0.7841464163534985,-1.7806256729074892,0.18807335699177305,1.4341770365203266,0.48674150215806,0,
-0.651356893791829,0.26348721533105957,-1.1410085097527383,-0.7613552698089406,-0.2218882712922687,-0.8980272263244584,1.5027343263055881,-0.851180482447485,-1.7394252442322782,0.19731341229026655,0,
-0.5286166817497568,0.2942241290134937,-0.1115088271429437,-0.8782632528234666,-1.349773069381231,-0.7660452024003999,0.7762285047241061,0.665334534508875,-0.8002227353999037,0.7735476151070181,0,
0.5863640187550933,-0.234407800316322,-0.8049664808525608,0.09988695440921298,1.7681692930597834,-0.46126705049830724,-0.483933444951233,2.2096055760423776,-0.552692953783497,-1.0509411661889605,0,
1.2382830714336357,-0.7837656655863965,-0.38769991640856116,0.48074457976798396,0.31996519114516303,-2.252793394731339,1.2371808002890092,-0.7865720915578501,-0.38163109541321133,-0.34034048288290325,0,
0.02127157673606165,-0.6905410523162594,-0.41361566562964275,1.4967104074459814,-1.4069434005131694,0.3359681734405766,-0.2544760766453415,0.3323723332239848,0.7401256641052443,-0.22572263161213502,0,
0.3088330125989638,-0.9161919154812425,-0.4776455826040052,-0.4949654803680731,-0.44184892724082386,-0.2728445463401307,-0.4580251830145565,-1.7555055887046276,-0.1735444175613875,0.45564691008859476,0,
1.702214944635238,-0.8318222082304447,-1.2551353719733949,-0.49757249830921385,0.11088638282841785,0.9701750825678591,0.4753349254274913,0.4539052294413472,0.4158027257204452,-0.7932211972070344,0,
0.24075317948856828,-0.06717829004935526,-0.12765468151819012,1.149672018878747,1.704592093297377,-1.0984092179625526,-1.0633544998303186,-0.8857137997996899,-0.6257730437317763,0.9156538042583441,0,
2.601683114180395,-0.7157599891107518,-0.56060763684731,0.2965769385303051,-1.1081124582588693,-0.6191229482499316,1.021624764399948,-0.6248346184344824,0.22992434541793752,1.1864155905176088,0,
0.5655096456315442,0.6820520657126199,-2.929448690002268,1.2676515111879738,0.9760407193559466,-1.5065252580391153,-1.0559898119268434,-1.101286489839828,0.7777976308777149,-0.9888723476355838,0,
-1.7607627591558177,1.4872461553359273,2.052972024501663,0.2887280030098363,1.399486426972343,-1.0042905634942532,-1.0500547898231862,0.7321512260547355,-0.7322995497370884,-0.4908728948935657,1,
0.7533416211045325,-0.580053241370043,1.088769654216672,-1.1571166187132709,-0.6286543050745702,-1.181981996068219,-0.9096897884083344,1.0073043574732625,0.7813581198065147,-0.5319315082920923,0,
0.38115838488277776,0.23940450053537707,-0.37630072492499606,-1.3331283547778066,-0.27751361886023346,0.9959736788464457,0.7595000375161222,0.023385214658507663,0.05237276872756848,2.6323862046774984,0,
1.2897527540827456,0.49968511030293383,0.018819049740598424,-1.551512249058929,-1.0363092473737703,-0.6982618487513923,-0.6167753615197077,-0.8644267053357196,1.0454602404822526,-0.4299001052078867,1,
0.6731813512699584,0.4720022709192744,-1.1716543473175618,0.6620518347584732,-0.20346114108030489,0.12417568474461345,-1.3479957843671688,1.5895230361038624,-0.20141990007697352,1.6776254421561345,0,
-0.13845598398377382,0.07595526791608741,1.6957228778108653,1.188596823087008,-0.03658997434293117,-0.3807634038618044,-0.605679999935798,-0.7504101277546562,0.3812446551620988,-1.2666319951066096,0,
-1.2242982362893657,0.7426824183597224,1.8972886947731116,1.849362141386381,0.6596499980823705,-1.269465266012813,-0.03204237068048687,-2.162032299927439,-0.04060623167853,-0.9896509661643634,0,
-0.20902325728602528,0.4822489526806572,0.1566937282465246,0.8431053323232401,1.0901834710204468,-0.1683004231716427,-1.1809724836643856,0.4583890099570684,-0.09621226204057896,-0.6866045318482008,0,
-0.8505204542093001,-1.2376624223272978,1.0235306441853447,1.1628385775349859,-0.7480960646216471,0.5991033318635947,-1.1516811090343435,-1.1047746736415167,0.25893042822568985,-0.8456893114465224,0,
-0.5805234498047227,0.8691560643892732,0.17528677893392386,-0.5800163326536847,-1.9673250642259945,-1.2077593925433523,2.1112963340995843,0.9886087934991747,0.5368074692249037,-0.26789873415849874,1,
0.5885784044206096,0.8872908372667421,-1.3367254388759306,-1.1564158167438567,-0.021244779276242128,0.8091127907313788,-0.8605654038138869,-0.38113769667341885,-1.249564911924005,-0.7087782027214982,0,
1.6699045043514062,-0.7632861041785816,-0.4118233689636573,0.8500793324175533,0.2935375299686405,-0.8497209214776963,-0.3230423687730068,0.6037132405441962,1.4336336088178778,-0.8193415927345735,0,
0.3946715298229811,0.03793783544760203,0.13192796677195706,0.41768075223940065,0.24941768768504166,-0.48298392607284074,-0.36723700079928584,1.401500346552158,-1.8596630405497985,1.1584719964733277,0,
-1.1958830620351844,0.6833289928110694,-0.4545477187434442,0.10744437434089255,-0.326673247509044,0.5306831230100478,-0.4213568077704419,-1.208858864620722,-0.684812109738896,1.2237936225131651,0,
0.4446026682201407,-0.20931381957936157,-0.218653277435036,0.3873714806329899,0.1247520996639345,-0.663436157219488,0.6213467399691023,-0.5659371308924055,-0.09426907076490067,0.9492964983753157,0,
1.196631486645651,1.0729780477660118,-0.09139955750911445,0.3231854824582059,1.5154448083522476,0.03757485933586561,0.9481429504720496,-0.07567107265706344,0.4123559690859481,0.5239989555843281,0,
-0.6097829043193822,2.3638724946193608,-0.08087849786546131,1.2838168598535613,0.3817341689625093,-0.31469082878809246,-0.3059544315315921,1.5375513190343435,1.5761725277413785,0.09274306577955228,0,
-0.1340171666729177,-0.7859860326349823,0.05225849049748321,1.2949855848169558,-0.3733684250030844,0.1293680067038185,-1.236478286592349,-0.6583827179404454,-1.8582914882251074,-0.4970306906659087,0,
0.014688194729197093,-1.3810446031537749,-1.060605066396601,0.544220352340347,-0.5001978170959958,-2.380739105523497,1.2744402278489033,-0.5945036959490072,-0.5076941283897106,-0.953157504755092,0,
-0.78489831308224,0.30381859560487573,-0.7170161491279362,0.8458028725629282,-0.16985235767773066,-1.829681815208083,-0.09534109119668262,0.4781405755558084,-2.1268334877992654,0.3629957034326874,0,
0.648280433843859,0.7215625051261435,-1.2845842656999693,0.5140625524247758,1.6367399618306397,0.6159670060468382,1.7303218148571686,-0.5772287257105709,0.03162197391024777,-1.173630392546798,0,
-0.12094814860778157,-0.23086637384476896,0.9778155496862003,-0.4611697320346189,-0.1833007095261973,1.0371814056490503,-2.245585897565163,0.15252588289761657,0.27168358450003066,-0.9939209291753933,0,
0.41953244390702776,1.4532606633210343,-2.1056469418403245,0.7565646749131401,-0.01979434452070797,-0.9104867035315213,0.19540322128332027,-1.5515374209681267,1.5907957421712526,1.1529132562048097,0,
-0.8874921778021001,-1.3386057997232488,1.1535903433169254,-1.3944950688592617,-0.48231357093630295,-0.24402835217113436,1.9186063338762078,2.2143299425565965,0.12063476089345412,1.900649041722087,0,
-0.43745830032341043,0.6929186230316111,1.3863493972628433,1.0538915522958832,1.0989833574419647,0.29471925290230155,-0.3532641354381582,-1.3477092303094034,1.0440251294423797,0.39329513816648076,0,
0.7223813578277714,-0.6058608207588934,-0.3021805869826214,-1.194522939766035,1.959837254744675,0.6932176016587042,-0.22549342333463607,-0.32175270399020833,0.583837081539059,1.1064571522946443,0,
-0.372833152091767,1.7193779062072967,-2.6031370878272986,0.28580328679473294,0.4506130494313883,-2.0276772716708487,0.29551169159033874,-0.032481035842094615,-0.4352481970051683,-0.24584831744398336,0,
1.7269638512334051,1.9925153531681183,-0.3613105619672905,-0.8451539584261589,0.08277290378542575,-0.8860402469783771,-0.5587958188849573,1.9126881343567956,-1.4089607467920393,-1.3376741860876842,0,
-0.39963618561460235,-0.7666565877833479,-0.06418416128881928,0.5533889830744267,0.03678283317423478,-0.33257937984987496,-0.31207193205273287,-1.32484578093274,0.2750022982918108,0.612171618618584,0,
0.22468472575188592,-0.5495571359085801,-1.0105982199289134,-0.03392522592790888,-2.3843067887857456,0.7031401972360493,-0.33781509419140304,1.9837041354787512,-1.4921020171453638,0.5692893232700639,0,
0.9325908318730899,0.8595878869798019,-0.5152183938082427,-1.5947559581633324,0.7451508642848174,2.498430483721495,-0.6274207344263732,0.7571768211020226,1.295207072669644,0.07166855388024412,1,
-1.4183657329330317,-0.3871306497895146,1.5301951988633513,0.42069963101847885,0.13416641599584353,-0.22800572680971787,1.2288565502005595,0.41709532442324604,-0.16206210203682392,-0.24237545810511135,0,
-1.7608088119807759,-0.04541121793223822,0.664927162301741,-0.5779207768327106,0.42834205066072495,-1.4069774621039888,0.4610780322964351,-0.9846336870179554,1.1951774115114164,0.9622105785810979,0,
-1.5256563145700948,0.02538842054241018,-0.9245641143780999,0.8811467208133691,-0.7114621940837048,0.40226807720129804,0.25062823210330204,0.5711412420380737,-0.48021443413239945,-0.9857330334274744,0,
1.262584103427182,-1.9196731561976563,-1.5975991695954321,0.0013256887344072295,-0.38445687897709163,1.32099578954071,0.8085710068901167,-0.7234866224198,0.2688507864009919,-0.7737805788906578,0,
-0.5518581458924467,-0.01383774609423725,-0.3270173176097711,0.39542098538803816,-0.411024936503173,0.10801412097950092,-0.2643558332034669,1.2666612531984123,0.20934885733468878,-1.008106506760428,0,
2.5581992856682523,-0.6897277740641738,-0.21345677935043825,-0.9575689550152119,1.0216229840730389,-0.9066485451542928,-0.7742038183529005,-0.9710620291077331,-0.04504411801092395,0.08497296263582721,0,
-0.5642475986573886,-0.493122822399772,0.4961991873633163,-0.5893322314273619,-0.3787598366030933,0.957993941480019,-0.6026243046145574,-0.11315849445608397,-0.4326595133965921,-1.0878930121092583,0,
0.18455130319703697,1.4436320034688142,-0.535316712567659,-0.4586386361010845,2.0826603221097977,0.663545618498435,0.001783041104608902,-0.5552730880131715,0.3924560184705202,-0.6842421805152435,0,
1.5421099525678756,-1.2565068942792563,0.5114995753618614,0.8567024802425557,0.4308624190150374,-1.0260808441956244,-1.059211708372902,-0.9875229624269947,-0.9261632634832083,-0.7057555622271979,0,
2.006092888159123,0.8132051867479773,1.9351540400602292,1.6773770878054892,-1.2756826599957316,0.38142561753434195,-0.5002610165866755,0.7413198169079143,-1.2094353289590587,-0.2606083323339582,1,
2.061503576636398,-0.2789629303318085,0.8155010224442626,-0.8051717517428763,-0.12854629325195685,0.9972655676588726,-0.5161166418714347,0.5354587474096335,1.2428268933268276,-1.4873744464039769,0,
1.2083662305931424,-0.2797601684958344,-0.048088507330772585,1.0768481446576803,-0.6516751221564157,1.1818900425588936,2.1245562298290137,1.2090101989009971,0.7271679888921005,0.087204992037267,1,
1.0240625258114624,0.7903718960517113,-0.18315047105329468,-2.169677417725702,-2.1943824698200243,-0.06644897530945597,-2.7738149399339167,-1.7798751082081674,0.06589160860223994,1.2473036506646777,0,
0.5925269492011831,0.34005129456889044,-0.35667313417987123,-1.1941894010922893,1.5994709401137894,-0.35807944617931886,-0.17961972140563326,1.0641707023410438,1.6651423825437814,0.13549137231676192,0,
0.7783610761666377,0.570612997219531,1.1806409124521446,-0.9587784561867748,0.7031425422200039,1.2272738220812627,1.7256937928147706,2.505448905356894,-0.26776551872484483,1.5413211448013207,1,
-0.5511857163285334,0.9681846605328611,-0.6273134459513029,-1.3525086894407223,0.5332073178993125,-1.210160502980885,0.12184446413245396,-0.4516410891769469,1.3227032199889794,1.3339981858769252,0,
-0.8181988834223072,-0.33130838318332273,0.04522270899998256,-1.58358838978758,0.16540366029970424,0.4385792909210054,0.7534174734210928,1.8951486121089698,0.17557408492582183,0.7777350472478546,0,
-0.0033744574109520514,-0.6122367345077503,0.05119790188108534,0.41299891213779755,-1.3820175686924376,-1.3700266273644293,0.09982631509976791,-0.2631612720598266,-1.0247507500763902,0.07468584263688564,0,
-0.17018462252492844,-1.085150526557798,-0.501784192811532,-0.21406769772786138,-0.4836171395554367,1.0653762722596027,-0.6673333812164803,-1.372409737561307,1.8480401917708498,0.02250038824543957,0,
-0.4532280493272752,-0.8254105299789551,-1.3724655478841008,0.3794053976051097,0.8417807747840127,-0.2580455156111615,-2.241915934508913,-0.3056324424067956,0.9907108466240852,0.7637997723632599,0,
0.6963874474567153,2.9490944253087252,0.32297450361766816,0.690472686121513,-1.0512200297825027,1.2685832356474693,0.20545568703630285,1.048203967675276,-0.1210210310095643,-0.39167060950403243,0,
0.9553052085705107,1.2446795807367868,-0.06100397185538355,0.26561699317253346,-2.5317693162508137,0.491412756355527,-0.7756066046023912,-0.8381764823315314,0.7271712595339491,-1.8825207514674638,0,
0.08840688629184736,-1.3510743662080213,0.5002404694365699,0.6577631761503737,-0.22710600778092602,-1.22322023006193,-0.8003354061653037,-0.6003386590064871,-0.4037034339979068,0.49200405410295983,0,
1.4775300810552618,-1.3224579567435701,-0.5336003064391669,-0.06953228624226938,-0.1417575540275386,1.4246277320772434,-0.49898725597911187,0.5935394322931908,0.829149035059542,-1.1310686299349713,0,
-1.141689114133505,0.4818660617184915,1.2208212988130478,-1.1869933883057446,0.13556341641470915,1.5512452664277294,1.7448614066234935,0.003060116738572855,-2.3910785652839595,-0.9621412281903847,0,
-0.19365945927971812,0.547264797377967,-0.8767737812118448,1.0578141808207961,0.7285186435145362,0.8822864925992157,2.404837542253973,0.5846229524867408,-1.0198013336945937,0.00022394799578804667,0,
-0.7168223206028049,0.5488838353173644,1.7120402840178925,-0.589112132781127,0.6376058122312086,-0.7615878650362199,0.2172079375284009,0.23782954075833587,0.9792597442869628,-0.09512487755346981,0,
-1.86653661707306,-0.25495579355369785,-1.7476365098282616,-0.9355962987624259,0.2587698052439216,-0.30601395435740886,-0.4647672239117277,0.47962531955157295,-0.24965553821891934,-1.4120756063156303,0,
-0.08268068584269925,-0.12545426000290022,0.43477006455689116,-0.17791787580439816,1.1955313880867093,0.1454272174057594,-1.1772264174512104,-0.4323011858095411,0.2075422948887419,0.1654915641331403,0,
-0.12174750838328353,0.3278795241593574,0.47543068252662346,-0.912810919296513,-1.5189697808133147,-0.7037103993314333,0.4685401615460691,0.23173094203039254,-1.3467856621154346,0.9661396608610485,0,
1.513449743242131,0.08589300629333041,-0.7955570679408823,-0.4174303819894322,0.5045818144773903,1.6923465724632047,1.782905600065144,-0.9273730056959336,1.847866995702103,-1.1283415702657829,0,
0.6308116845547775,-2.219300372747535,0.4243939378610126,0.3440539215634665,0.6265383633369425,0.14432647172603683,-0.24734038702515676,1.2884336225033886,1.1905296437176767,1.2724833308487593,0,
-1.024186824329205,-0.22979963057519381,1.2795186697601588,0.3483417392461269,-1.2395622860802396,-2.703348047107357,-2.3789960407532242,-0.6342747168173137,-0.20068521837532977,-1.560170825129944,0,
1.8540925663341883,-0.8514064342603136,-2.2168188393540644,-0.8978300664256293,-1.5028706086823893,0.33935581275622034,0.6700496718155238,1.1288474875493895,-0.4046958568633263,2.1173241443709534,0,
1.221033695525353,0.17521141890851205,0.5027448074908146,-0.4877053729487446,-0.7459421264756013,-0.34815739681731317,0.9853997114500495,-0.2336069609828654,1.029604361419693,-0.4112604304834833,0,
0.5820977034686158,2.98525900260341,-2.4932708203300775,1.0743330047702437,-0.6615414425152919,-0.07492655611844788,-1.5858456403858474,0.20199901075732124,1.9824704501689276,0.14561699682689125,0,
-0.22648409884983192,0.3674816654743044,-0.965664803523208,0.4964001177339411,0.7534194635024307,-0.3686193657856996,0.17648418366295282,-0.4949645508907007,0.9537602558113537,-1.89203357248567,0,
-0.9594392367234797,-0.3135296861723979,1.6291663649009451,2.0750650393485417,-0.6145387836910949,0.8070464166066873,0.4512260161360988,-1.015995431168029,2.171802667396602,-0.06213606646930852,0,
-0.372206776071053,0.9218015019772522,-0.581782033392054,1.1801281737415277,-0.856348518281204,1.1196877785533812,-0.07310730200893852,-1.7447603876053015,-0.922351329061918,0.22848217771819174,0,
1.088748619704186,0.4826878872092127,-1.1738799644089726,1.144293068559939,-0.6116337366945591,0.28305316225865373,-0.7907709190853537,-1.0553241585924595,-0.8193868304987907,-0.08616210409949455,0,
1.884586305934609,0.4200944904518413,-0.19793772898468187,-1.387868550455802,1.1186323341542117,-0.33931118713815905,1.0159372235635562,-0.32390885321592183,-1.1889411180533487,-0.5630810770523736,0,
1.543243528272189,0.606850593215671,2.067906338163552,0.7638603516334226,0.013043374376952133,-0.041337204809170254,-0.4033797459686826,0.21187917882888407,0.44176064964947936,-0.9465645185278149,0,
-0.4888494217862741,2.0565435648295414,-1.8316822472060261,-0.05310680169691065,-0.1792510253569118,0.019599616577628293,-1.485186162699932,1.0103793132832635,0.1756035498043702,1.130526619537311,1,
-1.1196174332890112,-1.1308884353259157,-1.0513099116393445,-0.5509818035382495,-0.11000549870105147,-0.8024300398648369,-2.049474485669681,-0.4457574597968489,-0.15195112347198586,0.03080713499795014,0,
0.14088624691120394,0.47363207681145447,1.4974316831796264,0.1680153405325285,1.2920603343265227,0.5789286485712348,1.2608495199993097,-0.8819607642671741,0.8092586281232986,1.5407523765167723,0,
-1.7684393655628516,-0.9263811299815384,1.8577023435377324,0.9452115346114836,-0.7491717266032418,0.4600423238604662,0.6166639764711183,-1.4427147860027125,1.232328605214664,-0.526482354794923,1,
0.32316771418478146,0.5555126463422483,-0.10343122429028392,0.5008315910042116,1.315508290940104,1.5404412397766734,0.08797354712916895,0.4800636179041039,-1.525662409286842,-0.43479469337221693,0,
-0.14760258629866868,-0.9186865114860944,-1.2390527025266425,-0.87847380134206,0.21049629892150362,1.255349780288475,-0.44027463685080354,1.3831945153293432,-0.5969720279011155,0.8155942445961629,0,
-0.46603650186824225,-0.4173668136050844,2.095843501809159,0.7424589135926203,-0.16041938197534772,-0.6856749175901302,-0.528998414203127,1.2663302679562887,0.8201435941230599,-1.622974962003564,0,
-1.5947030672667954,-0.2950899142379063,1.5944423917491968,-0.6375875420759639,2.5009004979342815,0.8202983745089647,-1.0757366484416113,0.7099327481472374,-0.467738683858582,-1.213463360152923,0,
0.5136001065697166,0.975816719344709,0.678946987762233,0.21668311896428621,-1.0556394897985963,-0.9509533830944716,-0.43145564455988483,0.638543317267599,-0.7982060763581541,1.0974849713531636,0,
-0.5327008396619114,0.9184544439424138,-0.81240234893742,-0.3033500674771342,-0.35368575956700604,0.6959321009408497,-2.1200872151201744,1.697623779709341,1.0185374276503947,-1.1719339292231947,0,
-1.169916835710288,-1.2457173764463845,-0.049029340838036735,-0.2188662517356257,-1.2324312391640002,-0.5166141987601078,-0.7360636534685142,0.3320814614168105,-1.28950006972398,-1.8190510153025476,0,
-2.8722622132816493,0.054934110999848726,-0.16036008104483077,0.7662429750405095,0.9524619705361694,-1.0232532233755844,-0.31093751635109385,0.6461296760241716,-0.301579807791105,1.868527188073091,0,
-0.027514905050636255,-0.7095798547491726,0.33085130461557777,-1.040193719815898,1.689188933651679,0.28004534269740444,0.6098800471904189,-0.3207838618519991,0.32864402580480856,-1.3938176478742055,0,
1.772251596669744,-1.2585049106753345,1.451001438131336,1.945195074276933,1.669922781404639,-2.6745671281541408,-0.03992646337336377,-1.3620433708547575,-0.5738199139101188,0.18411939832816962,0,
1.66125921454787,-0.21701705042437042,0.8794170411374032,-1.8210860692944963,1.2239487531460047,-1.750975574405228,0.794923113875559,-0.6838489004995763,0.7831556560131748,0.06908519272427115,0,
-0.45709625658627184,-0.3084827884558197,-1.0773760769847582,-0.5976676832548571,-0.19762046779596562,-0.17749188377428318,1.3491351051134295,-0.009159038534655271,-0.568876975197369,-2.8106283166180837,0,
-0.6022120603617805,2.4267164863455224,1.3764964500195378,0.370211889941741,-0.3652409774898465,0.08244176663484246,1.0581700938241017,0.06078537250130285,1.4086194934459193,-0.2673170231678089,0,
0.46877425607502377,0.43295982536069616,0.3131321400131553,0.5843141664353099,-1.671169772494065,-0.36931877015818887,0.4705098473785568,1.9262858548553932,-0.12574629749577262,0.44841324947910954,0,
-0.9983854391882915,-1.3776175007542373,0.6870657958589163,-0.10047572057170515,2.0358735351817927,-1.5794362987175987,0.011862679180784205,0.08127716759106869,0.6712701367053535,0.3543093815188606,0,
0.30179189981946597,-0.5647740041709423,1.466540859278603,-0.057390703001542406,0.4689780781484677,-0.8178918421385055,-0.9807880084135592,1.1788434440256437,0.7460239529828163,0.9035206838035016,0,
0.7660802783846903,1.0213832954293984,-1.1115802495135512,0.41055008532761655,-0.49195690486948307,0.3912093272373939,0.7399440513793163,-0.43507724157631605,-0.6275400027440727,-0.38749131490543404,0,
1.2269332238843076,2.088442772869925,-0.035825578706462934,-0.2310694774576803,1.3280568889869675,0.5817817706283626,1.6797473822215292,-0.31167588576523414,-2.0534865486558886,0.7125044420921607,0,
-0.10015407647995278,-1.5859833122379583,-0.531454551359215,1.3931812579349059,-0.9727645167600009,-0.01622311759594124,0.3421060396504182,-1.3290076372234483,0.36075575466383486,-0.6893290680800719,0,
-0.20367375017696587,-1.879924385139045,-1.5678594253654559,0.8393491142316022,0.40662203422267407,1.1568337810369889,1.917259148426123,-0.7423280128765718,0.0722883471248695,-1.410467416412775,0,
-0.877982586756561,1.8709651753717822,0.3467099776049199,0.8728243510056346,-0.17262913429083468,0.3973970234592343,-1.5255717080610838,0.5269813913637531,0.5558260275751273,-1.2977283756812326,0,
-0.82688035403986,0.38961417737090387,2.5115565515844236,-0.966156723370417,0.638677139880301,-0.7474556539582122,-1.1541633847795414,0.007560180394133265,-0.22652747238283805,-1.4621104551954147,0,
-0.22647889190152676,-0.8682927318763665,-1.8400777445057528,-0.07938842440570287,-0.06357353918612146,-0.2805020534116174,0.8552015077482625,0.9429386198972337,-0.43042769880071585,1.0095859678911938,0,
0.3673655068161781,0.5346290861224353,-0.032280611049470324,-0.3004659487207037,-1.4509278911112242,-1.4028661572078547,0.26429021015325105,0.18125394834505026,2.0084730109816995,-1.5145735090585566,0,
0.9135846262332494,-2.6357477390168778,0.6405429350747734,-1.0056013756894657,0.07557637267003782,-0.10813899039141675,1.3137821765718076,-0.3524537316377418,-1.4723540615107777,0.27403884064930323,0,
-0.8031789506803448,0.003375506597160999,0.12307820165618115,0.36016418394576694,1.0488641418753621,1.1121006192213385,-0.015471640726739578,2.148296863786959,0.7339504783642384,-0.265924194072433,0,
1.4926885689595217,0.32782117284308526,-0.1131280525157404,-0.5376457577798165,-0.029216405853985244,0.6852900847109679,-0.8679754225283319,-0.09390356871304721,-0.574601858183391,-0.1026485734506316,0,
-0.2711236010425688,0.9242701395378298,-1.2992163634458243,0.655403829850237,0.775115121589086,1.402009325919122,-0.21359324220504247,1.163000969705304,-0.33577861774042206,1.3636072951996998,0,
-0.021367294348436157,-1.0138959522925377,0.23278674294016363,-1.0701915628943317,-1.0455294856740531,-0.3028852437989931,-1.532683970923734,-0.4012092065446777,-0.3171028325739657,-0.4384273672152734,0,
-0.7472116791478234,0.08568716140335904,-0.7567639770159263,1.719040612841821,-0.026260793269852138,1.3460997945142577,-1.1285906730970345,0.7095994793835665,-0.8034342741712571,0.6116015615496833,0,
-2.4242402602729416,-0.9254246260595873,-2.1899217049785533,-0.8963326585920618,-0.6245104550885774,-0.19330422644796988,0.9724439979180102,0.9280156591516868,0.5712242102362395,0.037563351381111706,0,
0.8840453963610497,0.2553837556743171,1.1945922205137307,0.21930233720043607,0.7469808401047098,1.471585082569894,0.87278741446961,0.20849197057558072,1.3906435959499572,-0.15201890563269788,0,
0.7368438970924334,-0.8953463223630241,0.9583858198420424,0.7918593103880676,0.03149156226199577,-0.02185674744212368,0.3630042848060769,-2.354482922696602,0.47001366124666144,2.2999691243864735,0,
-0.2813275571182134,-0.4081008391602206,0.0516609768510798,-0.5706404302001128,0.6900736763366125,0.7072313738042767,-1.7210775209604694,0.018252460856112946,0.10338199621209512,-1.4413417457153697,1,
0.06699071722487192,-0.9958153947902291,0.22907468820570256,0.8524686434329506,1.087710426157866,1.4751123643098556,-0.35840357551288854,1.2304600477599754,-0.9864404990992466,1.2891318354374448,0,
0.5159392177040995,0.651136241823657,1.0743180127155614,-1.2291835978004162,0.6916185751213884,-0.1934276285812056,-1.2249998886600506,0.5274808330277304,0.5168252658244509,0.6564065654899721,0,
-1.5625458568865427,0.8584511166566653,0.2243396567780826,1.4521176991825604,0.2731184342936442,0.21838898754417418,1.1765332537877653,0.4458388752292466,2.1563496317292987,-0.47952499463178405,0,
-0.5290526773462948,-0.2346205699574138,0.9040175547613144,0.014149264965758293,-0.9982122585114053,1.2888634252063023,-0.5837221335626013,-1.722256933957519,-0.3806946237950925,1.629318517441612,1,
0.7942646796218271,0.03823799496002834,-0.29748220087385013,-0.5964114079688796,-0.002786110666901238,-0.1330031639300636,-1.0857477107815494,-0.7204550706750589,-0.37598357935186616,-1.8481101123885366,0,
-1.2542894231692494,-1.4485914146335441,1.3119837385739466,-0.2991817724274345,-0.5330904020158331,-1.320892282506161,0.029796165121424436,0.41135763115143903,-0.5610891309809973,-0.5217666572990717,0,
0.2935579321666293,-0.29967664800678706,0.3207857259326839,0.8089192693927194,-0.34406395670422657,2.14300705458491,-0.6401544568346118,0.410383276786892,-0.4894142344944204,-1.2084822042690762,0,
-1.356581804623405,-0.05020461704174478,0.19405194360587402,-0.5844552918504382,-0.37453415075025087,-0.4697644643371368,1.4837439102037069,1.2146667801329025,-2.7452995536723845,0.41208346487146014,0,
0.46642998243352635,2.620793091029975,-1.270061088712032,-0.7493576894227776,-0.9799255747822445,0.15875605093754283,-0.7348108975341908,-0.14486675514609437,0.4050353858557128,-1.1130641011871776,0,
-0.03564148229748357,-1.1119670257741636,0.2869558543017087,-0.22153659758373817,-1.9573385891339898,1.156006669451127,-1.3992282592246312,0.40582408667381425,-0.8455521763546138,0.4330639467413191,0,
-1.6151318159055095,1.4641772387524374,-0.8319549174944512,-1.176962112769968,-0.6681430483277668,-0.6084939037312018,-2.1529135157575157,0.016374241931293703,-1.6102631187918002,-0.18643641582155404,1,
1.1647393544571714,0.996858773465808,-0.6382827265284942,1.8205439079418155,0.19337945192415906,-1.0078679132221302,-0.030786502413415195,-0.9869427365015568,0.7531899497325488,-0.47935394265608433,0,
-0.7345915767980492,0.2806364044901364,-0.8153756283161211,-0.5663945912147232,-1.3481770454274902,0.25373729677483314,-0.5619301138579263,-2.2557913310947475,-1.0820177850419361,0.3886472460333105,0,
-0.810252437014381,1.7586204841951334,-1.066234931899225,0.8316167861804036,0.015682236471624342,-1.7930763979123896,-1.4289046065117268,0.43100969213007667,-0.3386690538837576,-0.2686216239380641,1,
0.20056919723094285,0.3721054726068629,2.1247714030169615,0.2094700836477726,1.9002684243109647,-0.28790607686792025,1.1892264612557852,0.17394720841281136,1.46644239118858,-1.0886348430590387,0,
1.1486373494287152,0.3891591956679287,1.3313390619884031,-0.9845340504819681,1.0230565552522393,0.2450386643154059,0.6672451474292419,-0.6181750421001689,-1.4092157980245135,2.8013729896349786,0,
-1.015821818978397,-0.053120653017545344,1.9203675021442612,-0.0059547092127293835,1.6435415091205292,-0.26995189682516413,-0.028217878937229775,-1.6191730565158649,-1.532598234597762,-0.4871671830291446,0,
0.06167984984797165,1.2235688824186275,-1.222895019555564,0.784002779310748,0.3911278769327262,-1.543450943185747,1.3643262441708666,0.6297395144087381,0.26930618956233815,-2.2176090801520147,0,
0.42881650033057295,1.0964692338108837,0.07125374991089249,-0.18826133508630655,1.167509822986446,1.5941779562040121,0.662536033398613,-0.265920074195552,1.1494873640103684,-0.8420986897213886,0,
0.6931056072631441,-0.6256772874962124,-1.2935076252040958,1.193112945851028,-0.7239647304677874,0.10353815394917538,-0.8228559015184324,0.5568747223681456,-1.574341717731963,-1.2672766883727302,0,
0.1764415552772252,-1.3192471945987674,-0.695694877197064,1.0215153927818639,-0.6443402670219842,1.431152117761741,-1.039220163990766,1.8640485304117584,0.4076897368371771,0.8261456160405156,1,
-0.3670278390833223,-0.20298063739565708,-0.9181269834165748,0.9189148546583293,-2.7391402061374728,-0.26003625018044474,0.8179815444538614,-2.141430880319705,0.5809995399616921,0.321652659591586,1,
-0.8275902206487197,-0.8000385643976464,1.2395840064415615,-0.45965677227299695,1.186145474042299,-0.8800119816907639,0.396366956467351,-0.6996008087023639,-2.0591604836923203,0.3987128017903442,0,
0.08614388304637476,-0.0635245746153551,-0.39622967810175985,-1.079842447781487,1.540323979819886,0.2691809202551599,0.1697477679706617,-0.20937561331191326,0.7985013379072202,-0.3700224658372443,0,
-1.072139011985607,1.2374381346841392,1.0683793336940164,-0.6135876053627944,-0.55317724534727,-0.21578712632821961,-0.8464978028689073,1.4548261741466506,0.8766058798421794,-0.2793502470569215,1,
-2.9213504834946074,-0.45730165508679,0.604120889588518,0.19624094066672046,-0.2539517063972351,-1.177761457991358,0.6079475670057539,-1.636403019206485,-0.31178557325602474,-0.37093110360766823,0,
0.4365598041576678,-0.04282338131157488,2.303638752104789,0.5457867135323555,-0.7538621136909615,1.4697842587874956,-0.7554988831339492,1.9358610256806046,1.2523463622980082,-0.08119318413546972,0,
0.9039348410861953,0.058022734808395225,-1.479444223139724,-2.1715714047604475,0.3826535514774916,-0.622270222893996,-0.10198665459367798,0.1358559015662905,1.1364555743248452,0.8353334353648353,1,
-2.3629324355418384,0.8484308822052846,1.259233239786799,-0.00811320161175029,1.1249325453032408,-1.8402663847955685,1.4469441463869799,-0.09600066173385824,0.10311792571720485,0.33607541250534645,0,
-1.0097307047099375,-2.246889333984605,1.1464408704007276,0.15808922532318442,-1.742771973881041,1.3281660539573328,-0.6608342358101458,-0.19805976321890642,-0.45144539032493364,0.5001128296208667,0,
0.6191542610051978,-0.6067002947652967,-0.9733788380270346,-0.2775442563155516,0.4094385306422523,-0.5042980158126232,-1.572989257072861,-0.4362630321800288,-0.9728278925829571,0.49955890824920274,0,
2.0574954697116987,0.21128369227947272,1.0071333364731596,1.2912738390158789,-0.2766717717191454,-0.6078238926156243,-1.0525471918701104,1.0481167592691547,-0.03756350936619123,0.8844424373817379,0,
0.020793707675407894,1.2000789564268612,0.3361449630262288,0.4217800742508709,0.11339439196668935,-1.765387587029974,0.9942988266876233,-1.0685207540824389,0.569758919704179,0.28815004154025464,0,
-0.7280029412291344,-0.49190244750620515,-0.22747625995340778,1.310191908080897,0.45899400167429094,1.7409414865969908,0.25473113738020947,0.3454141816438536,-0.32417686104064125,0.3588480726789188,0,
-0.18289644110484016,-1.876552706041874,-0.8239354869719996,-0.21596052035023222,-0.18820243877282114,-1.2894805872096875,-0.12887737868875357,-0.38418166570697554,-2.19750100526203,1.1888062411931566,0,
1.3748764191481848,0.6197114459661363,-0.7191094514491859,0.9374774925069249,-0.10358685340578061,0.05844948070564989,-0.5090938053115694,-0.7621334485140979,1.2687138945765704,-0.6650459180031121,0,
-0.6459641791245353,-0.6353623888256293,2.049812095785926,1.6350663945275195,-0.2138751675546389,0.9126203225404405,0.4853599075531901,2.585975175683896,0.19022322184489376,-0.8557425799515072,0,
-0.7991920066502536,-1.1896666590903613,0.000682818957482628,1.311693449272661,0.9703162017882814,0.421716933003097,-0.8491048509902235,0.41905073475346005,-0.37962449667683384,-1.185921599186856,0,
-0.4827435221820324,-0.6243453897132241,0.7821300015314592,-1.092141593428733,0.41875996012749656,-0.0596543119921916,0.3056655686425959,0.6132655446611438,0.8571583884232884,0.18291456362025593,0,
-0.9533286082587124,-0.18452535765584954,-0.7908993816675531,-0.253676077542381,0.22058353773736078,-1.7016658582874162,-0.7312545688129569,1.1377767806686623,1.5246385964827562,-1.8537322412191233,1,
0.12267031599479553,-0.6047446645382127,-0.7798529462216388,-0.34516470544979644,-1.2709517210922827,-0.8097248357672839,-0.897659385275054,-1.4213499453185472,-2.8019115694878916,0.46215409605967733,0,
1.6246784584695606,-2.205566057099069,1.0819848092499422,0.4892545350763276,-0.3785797432131542,0.18780033804252202,-0.6374874348250117,1.7522919091220317,0.43426364992207156,-0.10919309450055267,0,
0.3230792731160291,0.8970661968871322,-1.3495762115515322,0.6863535550145331,0.8986691603391742,-0.7871740699869963,-0.3754074464839619,-2.5089571784950757,-1.4266492108103472,1.1346396998210568,0,
-0.2523535021262876,1.2748750412787222,-0.41521376790527154,-0.8388926740257363,0.037696573123922904,0.20335945999876773,-0.048829835933703165,-0.7687664100385205,0.49911050679894126,-0.6719173104649906,0,
-0.2918112689155441,0.6515219913395057,0.03402741107223205,0.06783851391693768,0.6595314695891383,0.6817434088151417,0.23545579511111434,-0.45903167317890037,0.12792720237457925,-0.20331828541750677,0,
-1.563190808696657,-1.1376856704248166,0.11137260184005242,-2.0199273321561364,1.7665118003276337,0.9625028858001017,-3.688365291428444,0.5817233649705059,0.6357265264405499,1.1222033332933687,0,
0.883109777147159,-0.20149153394751798,-0.17909328501615626,1.44194500580189,1.0386060692088166,-1.2261793578126834,-0.8076505577467649,0.21871826614148773,-0.4992476144946552,1.3831356467781524,0,
-0.07783719701280203,-0.006521315229458062,0.3958197810959231,-0.5123742406766936,0.09315833769974234,2.196646054978954,-0.39156997735603927,-0.16681474069839325,-1.873240111819152,-0.68015236575182,0,
-0.18047991359062565,0.5987943895619102,0.6928557558178116,0.05586393984449697,-0.5109891701957271,0.7674793445541306,1.50506203860833,-0.011997344627723866,-0.4503681912566681,0.1817812325871601,0,
3.193107567844861,0.6683404887180808,0.73463754545933,-0.30964971398806124,-2.5535495960558983,-0.0017141536690639572,-1.0800026083821321,-0.9780230235225682,0.40684763513978306,0.2944189776840481,0,
0.29875290836568624,-0.7341737987784958,-0.9858038086678267,1.146027575013415,-0.16838492247285253,1.0895365830766406,0.16279661809991253,-1.4972323944841732,1.0153923286752233,0.3736534056211483,1,
-0.7517910500951843,0.08199555641356042,-0.2841550979287972,-2.837506441397379,-0.32601249581684916,2.3654077719999735,1.4950303097358375,0.7265116223360603,-1.1718313004725252,-0.26257565931562216,0,
-0.4263575962055433,0.4572804046152411,1.1947628618769377,-0.016610342325908987,0.3903661943953757,-1.4387201010568695,-1.3129685299472729,0.6937061125361853,1.0270604268730175,1.2813833981236349,0,
1.1484457091967548,1.4558223221467665,0.8946471875738723,-0.10581875749769788,-0.1539052269746876,-0.2252626424913536,0.39397522586440237,1.5844943751570586,-0.6478722896465213,-1.8897034836215454,0,
0.11327041053776446,0.7045065398247231,-1.372859451481064,-0.4536363875916828,-0.32038505943679435,-2.3784316598733284,-0.8022718339345204,-0.790017096815208,0.3624498815945265,-0.421130234801084,0,
-1.4382779783173667,0.7890566873755189,0.35147990035220167,1.7262265456356325,-1.7793989305072206,0.19265153264802468,-0.5046337422892345,0.6928152103009226,-0.5098939528656328,0.4479307327729469,0,
0.9192289345752035,0.08382662792936094,-1.9782252493748103,-0.8873294588557712,-0.9399678291500665,0.36539424192514075,-0.8031108339533145,-0.28370672836473176,0.18217062771210168,0.45722481194934356,0,
-0.668144085538994,1.4104591452035038,0.04693490206036963,0.7717961772356612,0.4766510408005575,-0.03916211544275943,-0.7318573084158859,1.1904749851934822,0.8918776345702746,1.352759030614763,1,
1.8732977762175456,0.4097627959594974,1.897767016745977,0.35625278870608357,1.7159076311326944,-0.6545335709983099,2.721912147906493,1.0219627766781416,-1.2270140772885358,1.198225393201287,0,
1.0800480657146485,-0.8610879101735704,-0.9478927172689863,1.261519252535516,-0.09752538374562343,-2.0495145161883253,0.8444558720716657,0.2112093992244567,-0.6799058967468314,-0.28554162530722377,0,
-0.4473218956587512,1.4033699701251907,-0.8343230454915821,-0.6671890847775054,0.3278110735741233,0.3735336834117687,1.101737861786209,-0.33953015666598657,0.18496258734208662,1.2998712435306046,0,
1.281016361735113,0.6979032725390276,0.7640297815728595,-0.732968899123759,0.9524781569528054,1.455434483915325,0.49199348683649613,0.9609321786082614,2.4015836610303523,-0.7140417437774549,1,
0.0678555105274033,-0.4430440211284823,-1.542801515209646,1.0960699074773985,-0.8108939362002497,-0.591018455733432,-1.606256788401958,0.6469045232565658,-0.863189712166828,0.9308873827918375,0,
0.8527736751222195,-0.47949296739924335,-0.6327550298850391,0.4253213083301104,0.36681404328544226,0.440059929023145,0.39495797032330715,-0.6844404020861826,2.040133885996919,1.8105224784209932,0,
0.48473281729447476,0.2965755451407618,0.5964411375817527,-1.5449373466767586,-0.7404901063321585,-1.5681443134200506,1.0729296145073466,-1.327798673479431,2.004423303675171,1.2149441068549691,0,
-0.8463566549908735,0.4631847952675847,-0.6342858476894031,-0.5393050144632704,0.8648244384910113,0.45721306369251385,-0.8533994740391114,-0.2885329006817962,-0.09731115070159116,0.10577038352412323,0,
-0.643549832317462,0.19729226563120644,-0.23596998721097162,0.386382653848061,0.15140304795173262,-0.39338229774465705,0.9653266671611266,1.515413815348209,-0.2981525261999003,-0.3317787717721222,0,
1.0299608175811612,0.3113086734428849,0.7441857103150346,0.8377642215465891,0.2984518139814398,-0.7624179506029144,0.7043362098540789,1.1464871587330383,-0.6920651986646917,-1.5285912962592862,0,
-0.33477533210654087,1.6999573745763805,0.42154608353656126,-0.6792306531929551,-0.7825985974185891,-0.7603636412161305,1.85204004481367,-1.1123274696705807,-0.0682025303326691,0.310539637914204,0,
-0.4036484632419967,1.0715431522348857,0.2668183962954019,-2.914255989816941,0.7070323596107849,-0.39361158203300994,-0.4177830125136188,-1.167757415899921,-1.406719432559558,-1.1152172279709192,0,
-0.955122579349353,0.19063559126502433,-0.33912227927003874,0.5232231857370332,2.084712921231016,0.3824333156925354,-1.0976109822757267,1.2746838496794863,-0.0762390173205976,-0.7931346636139368,0,
0.42359906559346105,0.9413105807674833,0.37006111526895535,-1.2203206899439758,-1.0079116954282061,-1.3121632011955178,-0.36162810937254564,-1.135635904757829,1.4968802738508562,-1.1907458007366716,0,
2.062524919243145,-1.0325239035275395,-0.12373268009975662,-2.0173387981224113,-0.3397590076475238,-0.39711533156785284,1.4355709931636234,0.5092953236420079,-0.6110850624767177,-0.46039233265665513,0,
-1.0675329142542729,0.39792704994680894,0.45780560992578473,-2.832325924984141,0.23160747416809183,-0.04147177799914767,-1.828405880841963,-0.6160712153363237,-0.24072430398905076,-0.027969414486982293,0,
0.02421945667275807,1.80930634973311,-0.49693202511797824,0.8139808601977412,0.7864062119958165,-1.0990392245318592,-2.0683757154310323,1.6170449245216825,-1.7011404742672418,0.27361458116570514,0,
1.4122205554154292,-0.21804589539237385,-0.18256897437954112,0.12861745040496653,-0.5595462852894689,1.796665201675017,0.08939527893161327,-0.7704247991378789,0.3740620881310435,-0.6005066354139633,0,
-0.07964139124571515,-0.8476339286190848,-0.9899577925520139,-0.22565638071225164,-2.83303029014274,-0.8534954800613416,-0.44258929277415615,1.1433615302058282,0.2644816849513739,1.0692837063951832,0,
0.4523717962497339,-0.6520888885930607,-0.0350076100062359,1.3890243629627617,1.359189494164025,-0.6694369136334904,0.0077278931756846435,0.18485865406036467,0.0637023597657709,-0.20820525798996595,0,
-1.0623935281468797,-1.0896330373423884,-0.8110008636288448,0.6373246830230725,0.7605061195841426,-0.9783079498224979,0.9453117712358652,0.2521948542342867,-0.21682705022214338,-0.7877224332655192,0,
0.4283070972076486,-0.7847619081277034,-1.1140464501619933,1.6163000427219165,-1.742947530486665,1.7984800871381175,-0.5525693461188524,-1.970308581351401,-0.2927579187724547,0.22629226724343637,0,
-0.18714426500454878,-0.370508098590029,0.25866114785538813,-1.3927354721669964,-0.6075687917795559,0.5529052285994815,-1.8730058309306206,-2.2029133532057186,0.5019002337006719,1.963552833543816,0,
0.985729995679863,-1.405567019178642,0.21273977585766032,-0.034550623953963515,1.5681824295273261,-0.9365920062436421,2.044481557199944,-0.22056594026731396,-0.02881660158862331,0.33516056653511783,0,
1.1873860515647512,0.015618333949603047,0.7828737349485725,-1.6167133749480143,1.447796418457866,1.1062315588599687,-0.9972282874387761,0.24690606341661173,0.3149718715553322,-0.3628556273736071,0,
2.589563642018614,0.9022771737866472,-0.43112556957509907,-0.22938233185546722,0.9386400226789446,0.2006986942888783,-1.0590371220120975,-1.1251978277377233,0.21498281745454795,-1.527461356118704,1,
0.5796331732135757,-0.9077561801469204,0.4080528468367557,-0.24861585376667736,-0.17611243395986265,0.2572534211115017,1.1037200137225964,-1.0886934104763422,1.1234272870957618,-0.21941232097207036,0,
0.32579631658216646,1.5192839236417688,0.5507975722736632,0.6266136372630708,0.08298741881250997,-0.3444772087524527,-0.38448912104151794,0.561472629826133,0.6769940973750542,0.23492812508811559,0,
0.19438430157733602,0.5107920885275947,0.44477380783159476,0.04556388114189831,-0.1309258051261265,-0.7494159869569733,-0.06338985203481078,0.5628544804571306,0.19286184315019064,-0.38758089125557005,0,
-0.35316629281068834,1.0305805856240573,-0.8256536828021421,0.6234071382799156,1.1282397832688376,0.33776609905460137,0.48279012406031796,-0.13774106038792705,1.5184220306521798,-1.6653846382409996,0,
0.33848384346169114,-0.6578345538521371,0.1493634822711889,0.7034401331388942,-0.8758424064951101,-0.5450872299955903,1.0835831031099956,0.780201721186075,0.4202685290565615,-0.8505653895034339,0,
-0.29540141013902943,0.8545252270666157,0.36414029605466136,2.154928677383142,-0.8057996548842047,1.8167556295751046,-0.33346069318177196,-1.1742022957201466,1.3049626887904189,1.4545384608877576,0,
0.1684609762696143,-1.091933900395313,0.007178466907941942,-0.3152966552861244,1.0102745868360157,-1.2692911052431042,1.5199520059142992,-0.3559349170869707,0.6069426083866378,1.434001003730461,0,
1.3175975356079597,0.8902475008365087,-2.0864776583710847,-0.941022700666379,-0.044361455511561634,1.5361567728549452,-2.1357998487348056,1.6478776057836733,-1.841919078931543,-0.8866391692045981,0,
-1.0065425652796411,0.17183933979353122,0.16048962397348007,0.24608361531640882,1.378467355453808,-0.11131884879780068,0.7597872369530771,0.06832212993981754,1.3048347633193296,0.6727567871994219,0,
1.1398785611290454,0.5532512199847837,2.212531039397242,-0.8022800271395435,-0.6715122069805457,0.2990857340211059,-0.8395275580176573,0.12631251458699935,0.1351762413426691,-1.1785727847701737,0,
1.3171150673398653,-1.1755946056248516,-0.3600392687569827,1.481960768436536,-0.0547783603388251,0.8331577666294346,1.3722713166079914,2.3059465859677397,-0.05195477090077795,1.4043162819949524,0,
-0.11806852699107874,-0.8950698422766047,-0.7280770978553212,-0.28321803894523256,-0.9224129848439533,-0.6302492950044363,0.14204447883054525,-1.3993421658487708,0.28134834748957704,0.24523584789423636,0,
-2.1218548990085946,0.5972282182533848,0.3733485597113982,-0.5655763678739903,0.007362681423567135,0.8642483846986365,-0.6729053320094016,0.7964303666421104,-0.3449831619570674,0.9496414986165338,0,
-0.6078219870944325,-0.9483480042242007,0.3123782104665717,-0.4713157211511179,-1.478546936998799,-2.7075438553811773,0.6628410930216325,1.6639862798080995,0.2270288603889453,-1.715093347182539,0,
1.2969945465611092,0.46320629209912306,1.1927351654164144,0.718417423471641,-0.4876334209549628,-0.7199895332219391,0.8931883472072516,-0.3248579264985461,-0.5918760663430924,0.6776371019248881,0,
-0.022868062298882122,-1.3671378064602457,-1.2578681559088878,-0.15774698323148525,-1.4362538649281178,-0.9240628073410654,0.6418941228586382,0.8596307868548461,1.27427225873437,-0.007674063684503472,0,
-0.9993022322949108,0.8481742126666681,0.7313802525749924,-0.6416668201303823,0.6939232331912581,-1.2535060123717616,-1.0296962396330605,-0.9820194972109048,-0.1135881136210503,0.8519290707908426,0,
-0.5047749212282174,-1.232523314768509,0.5904220612514635,1.665351917623531,0.7165893397596517,-0.21495483807895113,-0.48401712362208477,-0.6867323955673516,-0.3825838427224335,0.9148677980978497,0,
0.840620026504553,0.5522999376795232,-0.1421465369405461,-0.8561698406617501,-1.730262730484345,0.3857499681816948,-0.004072837121435025,0.3849664160476343,-0.9249258157192739,0.06578468947474944,0,
0.5467335682013793,0.6256309336460009,0.33868731792169,0.03556607403299353,1.3338857455005728,0.7026599984993058,-0.0412596526500604,0.7985666731105902,0.2687757891486415,-0.6008296390959147,0,
-0.23893209916969432,-0.6967718184295749,1.0294574815983573,0.6523061516102304,2.497415126419854,0.2408767572004076,0.7497454754383477,1.1209365124062458,0.1871071001250919,0.7796961821794943,0,
-0.36682441181468756,0.5820265670847269,0.8723153800284503,-1.6313351104170732,0.04600638673634095,-0.6656934648935469,-2.0149012325066082,1.569628586939493,0.3884246136775064,-0.06015449940512768,0,
-0.3917581490438219,0.26044226333355597,-1.1430193120737286,0.4802605014059249,-0.6411142602246448,0.36901643782516713,0.3343270545535034,-0.06744655855518213,-1.0272518875051289,-0.8727849535276425,0,
-0.9224101844985025,-0.5388418561927383,0.8201581867554845,-1.0551076754804494,2.8243305910030463,0.12428569485085071,-0.2899813544366399,1.193611755172588,-1.601181198811573,-0.9201522314576858,0,
1.6153756894694418,-1.008554684076208,-0.06468860503251848,0.8227827808340025,-1.3189684983025107,0.9360561679360162,-0.8385006163839522,-0.34230484344914897,0.6255913025065598,-1.4771644163123816,0,
-0.3223204692113399,-1.962625691672579,0.07287409801551539,-0.9626510119189763,0.020106466869098387,0.7769367029315166,-0.7424867777695996,0.902091311588268,1.4846418618765076,-0.5102911595630633,0,
1.2171585208254965,0.3496500472996937,0.0731969910016945,0.6927690318488605,0.17962227263192343,0.03047641392062887,-0.2145376645179636,0.20748879785218177,-1.0263536223898961,1.1026920460743783,0,
1.5213160519224513,-1.5648027713620551,-0.15024298879825998,1.1058330662947127,1.3451476204524146,-0.8972530061612568,-3.601085104459518,0.4456779070819239,1.5894412835616984,0.17782979970543425,0,
0.9983108981479604,0.0953441994413082,1.191707497107065,0.8614365256328049,0.35973897512678843,-0.6529501558320808,-0.70128957079155,0.42350787402203743,0.2839110587363809,-0.5297677059230407,0,
-0.4316203127180484,-0.2634482160822491,-0.08371795984921201,0.2513166482381024,-0.4986338957884514,-0.5497893596380333,-0.8758148246462933,-1.6047050097978122,-0.007062904550829715,0.8048559381800797,0,
0.40373009033660945,0.6791427754381955,-1.1195461283831687,-0.23130094292969944,-0.9511843703879561,-0.31526633391625575,0.5327832093226242,-1.1241218588607733,-0.397548696545778,-0.8324766217233888,0,
-0.024195606390916165,-0.3020454994898642,-0.39352985596972884,-0.5764195763348439,-0.34182182024613555,0.2680504275897533,-0.8055266825105205,0.10254143981752241,-1.3845180194249966,0.09535027433277855,0,
-0.9037018607301281,-0.3294477863470914,0.1786947168104756,1.471034690817104,-1.0069273609451441,0.7151743901280584,-0.2151138001704899,-1.6872790796411685,0.9877285159245996,-0.17963037272551532,0,
0.324359281721603,0.7318707042882956,1.2292147842970504,-0.6994952201676432,0.04782531978468294,-0.05111869301537766,1.542276627661302,0.8312111031997558,-0.7756063614376031,0.7791306255883522,0,
-1.1790397911598025,0.3350580290841175,0.6030946849488336,-1.0370660735699961,-0.5641961798604865,0.016124787900472438,0.9943515198154235,0.8715559662881419,-0.7798066757376003,-1.5772283709195007,0,
1.1876793884615637,0.3161559571827783,-0.8505352787470439,0.66536893503283,-1.4940377932897506,0.14330630500000371,0.9022713999434526,0.32717055287779023,0.9919263098869546,-0.8501977458146558,0,
-0.4646172972983931,0.46926758980852623,2.4851899166788916,-0.7961368031864954,1.2551457883749038,-0.51590531313234,-0.4998724304108518,-1.1211340127579221,-1.8829834466717266,-1.6382456590945336,0,
0.2011596558728393,-1.5355721232071058,0.2647753109779796,-0.9500634974661272,-0.4976725234290394,-0.9253922576429561,0.5430322792896524,1.3801389388685148,-1.5235978106681667,-0.25959672180927,0,
0.28328787154614216,0.756788679986982,1.2753907379990148,-1.443604262169765,-1.2681368049753126,-1.7554378973107099,-0.23389780045359396,2.037210639718358,-0.01813424350808177,1.2114275036324305,0,
-0.25890497370407733,0.6124687940136023,-0.15171443357722914,-0.4829098394605177,-0.16825913448754154,-0.6951493580768724,-0.19609321067693788,0.14707682744597397,0.2932844290048521,-0.5054472096535272,0,
0.5866938014752747,-1.0166831285764972,0.5333592447054494,-0.0827150238964932,0.06837156596765875,0.47314545326778695,0.4096853437465497,0.5105353784512363,0.48473464796892385,-0.5106839381956507,0,
-0.47490365662252443,-0.2440804736742013,0.8394685045184047,0.24309172766069878,-1.7464667255790336,-0.7029114380395675,-0.5969935884209324,0.20173865479604391,-0.3017984933962528,0.8717244241841364,0,
0.8712972974572442,-0.039307287627631186,1.218194711754256,0.9513062442994834,0.33164766712576277,-0.2378070374259397,1.4930031044432035,0.5303691889987993,2.5303696686416894,1.0685495584552998,0,
-1.3459796802467485,-0.1344967844017327,1.057368305378225,0.5268979236657937,-1.0471575686902646,0.46643128741231693,-0.16013013959793715,-0.11955875662639608,-0.22789255876583409,-0.08857106726878992,0,
0.12637957954641182,0.33385996656853467,0.8721970000729778,-0.1908722195531798,1.7110288091907877,0.5206894964226687,0.618360566259665,-0.034564239843803336,-0.23078615210272213,0.6847148540498922,0,
1.9389289990582848,1.4313667818311835,-0.3150867311941086,-0.19819567637971988,0.5239605120767348,-1.079532852166039,1.455600479257298,0.9057176004973654,-0.7969866688138775,-1.0769545408779464,0,
-1.0003313246055747,1.0817667276728287,-0.5717460419560614,0.5101574689151834,-0.39989999010931654,0.9970593564536414,1.031653774575175,2.3456241618964406,0.12390681652107108,1.3779743339254138,0,
-0.6777449705248515,-1.3122191934314063,0.33260751032419755,1.2725701629285695,-0.7451677703173505,1.1273500893554853,-1.4089191026905246,-1.4000712344017388,0.6149612320467747,2.1487062939370514,1,
0.513907849658915,0.6220699903060487,0.9331280723410693,0.1263141994832002,-0.10496770756362395,-1.1298498572185598,0.44489589500988425,-0.10381248440296688,1.20357805453346,0.5212157911887249,0,
0.17958178193959795,1.3289333195354096,-0.22272070077660705,-0.46913085421040895,0.6127907415832897,-0.8238368696411541,0.8507193944606469,-1.1804604852320821,-1.489284264440218,-2.0843316213428005,0,
0.3506300992735592,0.38680852068920263,1.0651719657143865,-0.9928660010855455,-0.02549412858519966,1.1910906831461916,0.8918630221607488,1.5920248985760834,-0.2459953383557008,-0.5582302623977843,0,
0.4891871301476635,1.090980425185967,1.4526167454861794,-1.4452052644122255,-0.21715880713685662,-0.14685352125530088,-1.1132948341146311,-0.5877379693198984,0.44670361080914417,0.6128253216693214,0,
0.6347214685617699,2.012270445700765,-0.9163209190734197,0.6662696720435232,0.058370290817895645,-2.219777947451851,-0.6570352370173239,-1.443200793785794,0.5870575345945356,-0.4214829971663628,0,
1.1096998419562232,1.0237095461069814,-0.8369207037962799,0.5779785236395572,-0.6038589312369547,-1.3996815047326863,0.9945582357416216,0.6381869988485734,0.006548657804539276,1.2721985542500975,0,
0.40981865692851255,0.24930859564172886,-0.14037505890533644,0.5773635251066616,-0.3432059268430377,-0.24936962517248124,-0.7617603706826457,1.7443111147431112,0.5424239695321018,0.5881572644358652,0,
-0.24125765461854246,1.0450884740847535,0.3076126681891964,-0.1286594463520559,-2.085792438905004,-1.1630426502846019,-0.29969605666431426,0.6635978685607627,-0.8089638929258004,-0.7064755007657966,0,
0.6725737012027313,0.14488783309689118,-0.524567013767051,1.4069347458917507,0.9737262308523678,-0.41342377063644137,1.5758758095019694,0.20479787728191723,1.5579054323183568,0.032264810771252796,0,
1.8998819348952156,0.02390304328495547,1.3522026788671444,-0.4841184945848177,0.2987977803217619,0.03239621368357873,-0.04779925038478981,0.4091409227759939,0.9926281029794295,-0.8938332206390901,0,
-0.13263374638257355,-0.35141423571373254,0.4240668615184512,0.9552692372072055,-0.7734558440334302,1.4622546040347288,-0.726774137833843,1.4148406628255548,-1.3449277870651724,-0.1825848784124418,0,
-0.9745293046706415,1.5634133588321082,0.03944704824073949,-0.038742894989543024,1.8987349813552388,-0.29045391622778904,-0.8776173568629051,-0.8741992700141499,-1.0751030481167556,-0.5545932404325518,0,
1.1070806692869728,-0.8184286659420014,-1.4359095238685275,-0.6083507646793376,0.08701648039238655,1.0725417995727589,0.33271932958518796,-0.11184710408631295,-1.0469217501069061,1.1747618002330382,0,
-0.12038116395359824,1.532367724678116,-1.3158158164275071,0.5925303073177614,-1.0361435719751968,1.4287601620367705,-1.333148008477209,-0.4526901485095334,0.6779699708965284,2.116012056830995,0,
-2.172669546014036,0.49986412374037137,0.2810092502818063,0.4096361186839937,0.8567374214704584,1.434309669352076,-0.24733596389641815,-1.1678653072917102,-1.2847277664174672,-1.431188333235752,1,
0.8474216771504216,-1.3993061748019415,-2.132595626154836,0.3569727592669261,0.3980482165092625,0.28475459338556824,0.33323053499002175,-0.3283752594168024,-0.3310243342080806,-1.9232162862097522,0,
-0.5353281859539227,0.3676492929914216,1.0126374096440718,0.08127842205619876,0.39457998548421935,-1.9632891478389742,1.2991498205476675,1.1077210959824486,0.4547043964167744,-0.2451724218513857,0,
-0.09053328230416077,-2.100026507651624,-0.1581538443723203,-0.037893081716830875,-0.4257556046515905,0.4608248654038653,0.6675480803699957,0.5666021483927255,-0.06616593454643473,-1.5184156988286825,0,
0.33198033056901455,0.6255080168310357,3.2430929695947333,2.3883719928704386,0.4504957237780347,1.048399887813541,-0.7140651179821788,0.6443105001082005,0.2588875157127058,0.04621160367091715,0,
0.1904996797790664,0.885231482988991,2.3079162506161106,1.184256645196173,-0.26175829022109454,-0.08106710543541713,1.17841931756372,0.1464756116533182,-1.0658027113487583,0.7489361138059267,1,
0.7094518171390395,-0.5923559556520536,-0.18144906924751675,0.7228268949855121,0.5559414516458422,1.7445838700752485,-0.29951503754747755,0.5233237827285886,0.5948543733972447,1.494141897266825,0,
-0.43548637056984335,0.12354769595558233,-0.10633700253131496,0.11179915820338826,-1.9049444540106388,0.8598335614674577,-1.235703022049409,-0.8005903423481054,-0.6132118924759965,0.20139455871528109,0,
0.5131057981760827,1.9541574337502863,0.9955815140020298,1.0071572005966691,-0.4338734629791891,0.5682733771527843,-0.1720413592654725,-0.3095098859272293,-0.32461967439794126,-0.193155224849579,0,
-0.2595466775839172,-0.5057467042619367,1.7031726099180378,0.5179947763914519,1.7221550978081948,1.086380711205838,1.438169201145702,0.19200423696867674,0.23773172790598612,-1.9783849165730842,0,
0.738810480887503,-1.0589075870566005,-1.6380290574360168,0.02620475277403566,-0.7670674554003005,0.3333698512608781,0.1652400500649252,0.27751585888189023,0.10307822153084817,0.026185149185798437,0,
0.6153674840130534,1.4816634024625988,-1.7863754653546866,-0.30356432526591504,-0.6038382974931866,-2.4928104993953535,0.012521864329786338,0.320187854921873,0.023980019015592963,0.07128726054946169,0,
-0.9354387020445953,1.9625871905307948,-0.6220348055543814,-0.0809173376626882,-0.4479613384499751,-0.49913895147036563,1.6372116447028533,-0.1383352820163779,-0.7506268219767557,0.6389568142127453,0,
1.0859821161750323,0.0036956718478473255,0.5827375831738644,-3.1704257358780557,-1.2148061358886433,1.1971680272478535,-1.431354847054427,-0.3774234011303297,-0.29954941119919215,-0.7084881015290911,0,
-0.535963445114048,1.0114630354083562,0.4968735905075971,0.21060083929764178,-2.208280776228252,-0.807591340098296,-1.2855991140527723,3.157771283044298,0.0021835908370359453,-0.4350526002358597,0,
0.8080577982811451,1.341475915530881,1.0697714549838502,-0.4884760801103597,-0.23058639852361285,-0.22347250523693915,-1.615846470966832,0.9067872729323987,-1.3750852331670849,-1.4780022553041843,1,
0.36728731340134063,-0.742484232538384,-1.1996975283653082,1.592669998282884,0.13585942408165688,-1.0448363139030712,0.3726481864800551,0.4131474759526224,-0.4625329663133788,-2.2912928068840652,0,
1.8381836767951225,-0.4853058353678683,-2.3161438629688766,0.01934407081175429,-0.05250506853865217,1.783922595201769,0.1664931271151245,-0.23320849820639397,0.38767987903284645,-1.1084970907967833,0,
-0.22346598237185214,1.230874513154735,0.8580141953021454,-1.1889634195349619,-0.14487856194788684,1.6814924574180155,1.542736367279776,-0.45121882694387655,-1.2774366038453426,-1.5703258142530165,0,
-0.3493167961181975,1.6850142787085094,-0.8281962729652346,-0.0498801541281177,0.043040870850387644,-0.8838688951407293,0.24347507713677022,-0.13080059372695568,1.1565816515942398,0.3367122954206112,0,
-0.01941960588773261,0.5628808601743548,-2.018487864388638,-1.0461210850625042,1.022841471550764,0.147298000389084,-0.40415715947930275,0.29282884358668343,1.2696132625998429,-0.5181340566668573,0,
-0.30317978283427544,-0.8798143535020543,0.14506374595938162,0.4734074157124664,-0.19044618592921678,-0.6804940477640476,0.0017948728781070852,-1.8804355440630813,-1.2451505759600856,-0.5382371300747891,1,
0.7999419019420501,1.9870611116994412,0.7931756882186773,0.29094736433948537,-0.5740825770872696,0.6149446390313781,0.1177074184609581,-1.5693895953746837,1.3576196330501393,-0.9844130461752121,0,
-1.616310608436588,-0.5309708978119645,-0.12205713212127726,0.9578396311082676,-0.2811254848880863,0.509683077242329,-1.671761273328167,-0.6368823889389575,-0.1435815887121344,-3.2325654325124336,0,
-1.053682419146354,-0.33513778117145177,-0.45784838618248924,-0.7908817916945654,0.5793467597567757,0.8117055716132655,2.710331644334893,0.20713943677856853,0.4185145591570548,1.5083107487475504,0,
-1.067802921579193,0.34233783448962146,-0.15936223214590656,0.0340080962281468,1.4120268785432495,0.3319184477078873,0.5198710181019115,-0.23927314715185138,-0.4966510521282467,-1.0002705227767883,0,
0.9503075919735757,1.5541604207147741,-0.37058276240078286,-1.3650217954266353,-0.6281437391691783,2.935406206388468,0.21000830802258905,1.4781212260994843,0.9230448272267618,-0.412420069849907,0,
1.7106133725819253,0.8539759765522237,-1.3480471119401671,0.7014947819247145,0.09893378702888371,-1.027923765010739,0.6151639842785803,-1.4823967869957688,0.4060940188486671,-1.4548921652893105,0,
-0.1044492185374715,0.41486550036191044,-0.7146806769904318,0.518871180440122,0.3383574419359596,-1.7106033544365142,0.709410980586605,-0.7513454696033703,-0.8141532565976035,0.9719303434406339,0,
-0.16882172319001063,0.4632885301181062,0.5212799050138145,0.49580502102757085,-0.9925780067288229,-0.3930902007014615,-0.14055348550243169,1.5200917409911012,-1.1652019999652885,0.14342893703732443,0,
0.07005216311318138,0.04351466864346608,0.3216785413765001,0.00161903135694112,0.02041716721291813,-1.5679882655602675,-0.6312411362407006,0.13111932467514684,-1.4603024352092226,-0.8263652852658686,0,
1.1618783026081905,0.5581395145185063,0.16805980596682024,0.4147728907887909,-1.465673857342095,-1.4924622700059929,0.599450686321704,0.8848425828011585,0.18794177643275645,-0.39222961134402384,0,
-0.9273531341905741,-2.529560077694303,-0.9951484818533795,1.6043391083085963,-1.7690503037393988,-1.001314654197967,0.38571084053145244,2.0512469432694633,0.5724714117797358,1.67817992212487,0,
0.23836898273478513,-0.29660745906979835,-0.18150316213566714,-0.28509425704201397,0.366746407892257,-0.9221889054316275,-0.8098900990894081,-0.6938044179018226,0.6509656787794414,-0.07296943188127829,0,
0.9751976297824297,0.241321934916781,-2.1770650464428547,0.1386451837100845,-0.3838747413307828,-0.9546181019500601,1.419035611367264,-0.09931433779203207,-0.11798109460737784,-0.18173353761590585,0,
0.5010941699398452,-1.151014083619507,0.17847666388538974,-1.0861262991814098,0.20228040762121913,0.5182189504454116,0.29335203632298334,-0.2724269009308716,-1.156996455664364,-0.9413814861392652,0,
0.1895816165987434,0.38632331781156,1.4288577078135674,-0.8682609615983323,-0.017894977008350053,-0.5061890610853361,0.7298193622676307,-1.9545930044832756,-0.682074798023783,-1.894581150472303,0,
1.0010460925671412,-0.20447122098612153,-1.4741321320421057,0.09781329309330739,-0.9764000486637974,-0.17951457487248015,1.391920887679919,-0.31039680375596906,1.1523486389619257,-0.16003867357934443,0,
-2.703232292999237,1.75547569831549,-0.5859276733177553,1.1039335467019071,-0.045254301964336476,0.8942327745009349,0.021888821164834777,0.8810621873806654,-0.48462856460008136,0.32548511232461763,0,
0.6778753195309076,1.5730197252148563,0.32910677871012955,-0.25628082425157245,-1.2331013050148552,-0.7663225247814263,0.31695200698411535,0.5405895418122408,0.14341763068147614,1.0995844643276695,1,
-0.6540756831274238,-0.46580556911816284,1.2528426344274837,-0.23591652931212392,1.3909723580014006,-0.26454589870472217,0.8100272385061165,0.6190831693880101,-1.0756504835748875,-2.2484965344996555,0,
-1.830632896856457,-0.15083771156669531,-0.4482246163001494,-0.4068852445043747,-1.3559703448599638,0.36575998609291555,-0.7248610838000522,-0.3755089806394995,0.33658304545903495,-1.125096327023029,0,
0.5112025995249807,-0.0739475656083926,-0.6922503292658964,-0.5347566708443231,-0.19578527096858134,-1.9415678006202213,0.054051662846000936,-0.6560972360056414,-0.45768456167907784,-0.5807410905564503,0,
1.3736585451629577,-0.4516594761596227,-1.9689231424160831,0.29497145570882155,-1.0422715880472484,-2.3849055089505824,0.1255485866511483,1.2692556718986205,1.0467127137757637,-0.0034808485732018284,0,
-0.13744851462769186,0.19502498402812674,0.10343812930810638,-1.4972576451786446,0.5704211733607956,0.3461173287977227,-0.9560585516833945,-0.49731714635766955,0.7735577062068134,-0.14503369152842244,0,
0.9528745472029388,-0.7582820688875902,2.042076040143744,1.2809395766667275,-0.33143137128150285,0.49201428056689855,2.3176367886738785,0.2940820387932141,-0.4957059465748997,-0.12168868568726955,0,
1.6122782579886454,-1.1306153349375263,0.2773584619646759,-0.6654222981294605,-0.5186667196212101,2.0642201348524107,-1.4072934434924025,0.16333468067753845,-0.12666402734766338,0.4080960585699445,0,
1.3149144535840473,0.6227112239002686,-0.022278979183713316,0.7219034854381414,0.8532015450515544,0.15809487586680993,-1.2981039036871578,1.4617170162571183,-0.5511162400406288,-0.9032931107791092,0,
1.639964529371393,0.6295295842218108,0.32208231076698546,-1.2699985973938759,0.029430591677552183,0.8197397172580948,1.3142265757035791,0.9714123576723597,-1.4194331965450098,0.9341414422336946,0,
0.7421274910718922,-0.8043157596599924,-0.01109200394860206,0.6688401305462182,0.5166444459359673,-0.19547264358597383,0.7132662507965424,-1.2952586206671208,-0.8574424295472166,0.4334524416994807,0,
0.0754336389015928,0.8953554307625996,-0.8130143722601298,0.6719446078144975,-0.9813259365174648,0.29722722158508635,-1.0259648174807778,-1.18755316677504,0.19821732772082012,-0.31983226412807936,0,
-1.6019658118971685,-0.6315777291653314,0.8232799156777053,0.3842020720058965,-1.404816943927507,1.667256841749534,0.6072890151016929,0.5789098180691342,0.3252594982295819,1.6009079918889153,0,
-0.24606248812994858,0.2531652380379812,0.2257615231117544,-0.9944285217997922,0.10720796204013365,-2.1239928181256356,1.4678504449973098,-0.06433764737916652,0.1485479035926389,1.5564160355717669,0,
-0.8432465953161917,0.820344012612456,0.017613251933657315,0.249548189598077,-0.3188463554947312,0.4136162575716805,-0.030263057596985755,-0.4551717839537639,-0.30173305395863576,0.9328953551938086,0,
2.1709427174978138,-0.03361256470371301,-0.97536602727825,-1.183056184734389,0.6264346724539442,2.135586730077366,2.598822900074582,1.0156278839944708,0.9330666057209853,-3.0185567705677925,0,
-0.1758858124323366,0.4547409121411344,1.3035079319347591,-0.25276325509618536,-0.0799084526625497,0.2820342192093425,-1.7240618108680354,0.18745938208891083,0.06354190456093739,1.5789450927179753,0,
0.12320480678448567,-0.5164296438875717,0.6647027453331099,1.029413100955326,0.2050753392346299,1.6505729632328479,0.6938234538591022,0.05245738688944395,0.7032538280959473,0.7947585224719341,0,
0.5514853760404675,-0.19646658342809717,-0.552920837367302,0.796701927070742,-1.6233825299412434,-0.6292121495294424,1.1665283362210033,0.7798286407550497,-1.7737751322025186,2.0064086377129366,0,
0.043602446372453724,-0.20585943088034037,1.0018248536819372,0.015182942540433121,1.8884369396142566,-0.03204749416371351,0.8913439016052467,-0.3751089949435645,-3.9224002516183423,1.2374645917335385,0,
1.695051040430753,-0.7465783465402389,-0.49757083838520716,-0.9748065759228419,-0.16424198503203188,0.03352470238858753,-0.20435572664564833,1.568518985472554,0.2837880278380801,1.5783426774972855,0,
-0.622649361734452,-0.1767741631157821,-0.782003492511037,0.6455877121741934,0.697586970339199,-2.2175910793587708,-0.2904414820111494,-0.788047623233008,-1.4247656537214894,0.878654850180379,0,
0.1946074552372427,-1.5486182988637467,-0.7597031174802871,0.019381237698025213,-0.8360916702196265,-1.1681778278502002,0.4441451710872574,0.6569290663420881,-0.21245170271305602,1.3486931986455122,0,
-0.7424705856980482,-0.4911537471421047,-1.7710685530880912,-2.3203155982304233,0.3080099022173409,-1.096875079383986,0.8157544866520694,1.4338328386598447,-0.30209704102460566,1.9941237407344399,0,
-1.3200225112207058,-0.28487549336967083,0.47154238041820573,0.7826298263165181,-1.3028447635247453,0.8220660780325274,0.6024734362823633,-1.3772954892720999,1.587400602415537,0.21655473837820582,0,
-0.6117690909052854,-0.2561797524953801,-1.8311448783383502,-0.024232833869692147,0.452067838259671,0.872153105684055,1.0400578907933893,-0.3433351758524492,0.3999965529436064,-1.5722305440781297,1,
-0.03703679704841202,-0.24149744587077882,-1.2284438312657626,1.2024512479830722,-0.3559740843858328,0.3240364427065333,-1.0188699570667352,1.1422073928855578,0.16585902679867273,-0.30746090001514215,0,
-0.42930222451725997,-0.061764199860128925,-2.0755880090785332,-1.0952705188428047,0.029190503935567446,0.8241028968557058,-0.22777097912363464,1.1572445477310251,0.8369911546336737,0.3899455993834367,1,
-0.692420979873856,0.4794415180860639,-0.08606969279089306,-3.1767038131960006,0.6979740301300975,-0.16414941272177394,-0.9400159321237541,-0.17149560038823927,0.36849758683903877,0.07488758437155775,0,
0.99864262342453,-0.9999997615814209,-0.833206295967102,-0.6274222135543823,0.9999938011169434,0.9986516833305359,-0.14230215549468994,1.0,0.9859597086906433,0.9527238011360168,,1.0
0.9999109506607056,-1.0,-1.0,-0.9941629767417908,0.9993295073509216,-0.5375906825065613,0.7332846522331238,0.9999985098838806,-0.9999290704727173,0.3617256283760071,,1.0
-0.6873116493225098,1.0,0.9999995231628418,-1.0,-0.5460144877433777,0.9996628761291504,0.7480476498603821,1.0,0.5304205417633057,0.9616217613220215,,1.0
0.10459854453802109,-0.9128864407539368,0.9996315240859985,-0.5698512196540833,0.9974843263626099,-0.9999992847442627,0.7012584805488586,0.21101140975952148,0.9240939021110535,-0.5270066261291504,,1.0
-0.9869312047958374,0.9999939799308777,-0.9842827916145325,-1.0,0.9999988079071045,-0.9993414282798767,0.0019665146246552467,-0.9951217174530029,0.8800809979438782,0.9850029349327087,,1.0
0.9999825954437256,-0.1192353144288063,0.6099045276641846,0.5421792268753052,-0.26058468222618103,-0.9762091040611267,0.8348591327667236,-0.9997802376747131,0.4798707365989685,0.9648696184158325,,1.0
0.9839310646057129,0.9999688863754272,-0.9661762714385986,-1.0,0.9999865293502808,0.2617868185043335,0.8879351615905762,0.9987131953239441,0.9275286793708801,0.8140594959259033,,1.0
-0.47699812054634094,-1.0,-0.9998911023139954,-0.9978022575378418,0.9999990463256836,0.9961226582527161,-0.9157798886299133,-0.9755219221115112,0.43413224816322327,-0.9809077382087708,,1.0
-0.9988985657691956,-0.9421938061714172,-0.9993236660957336,-1.0,-0.9258987307548523,-0.9855380654335022,-0.7067609429359436,-0.9983393549919128,0.9190593957901001,-0.9850545525550842,,1.0
1.0,1.0,-0.934586226940155,1.0,-0.8937497735023499,-1.0,0.9964259266853333,1.0,0.7614361047744751,0.718781054019928,,1.0
-0.991740345954895,0.9999991059303284,0.99998939037323,1.0,-0.99998939037323,-0.9999622106552124,0.9453774094581604,1.0,0.9670464396476746,-0.9163972735404968,,1.0
0.9999178647994995,-1.0,-0.9998950958251953,-1.0,0.9999287724494934,-0.9866806864738464,0.16914334893226624,0.9575366377830505,-0.9791829586029053,0.6891394853591919,,1.0
-0.961529552936554,1.0,-0.9997676014900208,0.9999060034751892,1.0,0.9984198808670044,-0.805785596370697,-0.08657460659742355,0.9999414086341858,-0.8367829322814941,,1.0
0.9995560050010681,1.0,1.0,0.9570255875587463,-1.0,0.913429319858551,0.9739986658096313,-0.9984104633331299,0.9993706941604614,0.9943774938583374,,1.0
-0.9981626868247986,0.9996758699417114,0.9930296540260315,-0.999988317489624,-0.9997016787528992,0.8659289479255676,-0.45901456475257874,1.0,0.9998232126235962,0.5756871104240417,,1.0
-0.14694298803806305,0.9210565686225891,-0.9999995231628418,-0.999946117401123,1.0,0.9999955892562866,0.81392902135849,0.9999988079071045,-0.9663112163543701,0.5981248021125793,,1.0
0.9999995231628418,-0.9999896883964539,0.9995061755180359,1.0,-0.9947122931480408,-0.6830548048019409,-0.8329727053642273,-0.9999964833259583,-0.97944176197052,-0.9037342071533203,,1.0
0.9998542666435242,1.0,0.9999845623970032,-0.5243385434150696,0.9995266795158386,0.8420705795288086,0.9259801506996155,-0.999991774559021,1.0,0.9999790191650391,,1.0
-0.9983780384063721,-1.0,-0.9996424317359924,-0.9998885989189148,0.9999993443489075,-0.9992648959159851,-0.9790708422660828,0.44955188035964966,-1.0,-0.9221615195274353,,1.0
1.0,1.0,1.0,0.9999995827674866,-0.9999995231628418,-0.9826462864875793,0.9975709915161133,-0.998496413230896,0.8436586856842041,0.9986041188240051,,1.0
-0.9772759079933167,-0.9999023675918579,0.9999996423721313,0.9999261498451233,0.9986855387687683,-1.0,0.6978014707565308,0.9999030232429504,0.9437689185142517,0.869653582572937,,1.0
0.9999950528144836,0.45931553840637207,0.9999992251396179,1.0,-0.9997950196266174,-0.9910305738449097,0.5673046708106995,-1.0,0.46303123235702515,0.6351271271705627,,1.0
0.9999980330467224,1.0,-0.8958713412284851,0.9091698527336121,-0.9965713620185852,-0.9999805092811584,0.9972054958343506,-0.9996015429496765,0.018084753304719925,0.9874508380889893,,1.0
-0.9973000884056091,-0.9993941187858582,-1.0,-0.7213303446769714,1.0,-0.5970779657363892,-0.9629004597663879,0.9998577237129211,0.9988853931427002,-0.9053153991699219,,1.0
0.22838571667671204,1.0,-0.9999121427536011,-0.27605435252189636,1.0,0.9982150793075562,0.272726446390152,-0.999999463558197,0.9826999306678772,0.8692967891693115,,1.0
0.998126208782196,-0.9999989867210388,-0.9959637522697449,-0.9999878406524658,-0.9987652897834778,-0.9972183704376221,0.8481106162071228,0.9492390751838684,-0.9987638592720032,0.7332173585891724,,1.0
-0.9519025683403015,-0.9997355341911316,0.9999258518218994,0.9912025928497314,-0.9994742274284363,-0.9999963045120239,0.7490779757499695,0.9537798762321472,0.40937748551368713,-0.9019873142242432,,1.0
-0.8066031336784363,-1.0,0.9999322891235352,0.9999984502792358,-0.9999946355819702,-0.29554179310798645,0.43481209874153137,-0.9999499917030334,-0.9996291995048523,0.9048319458961487,,1.0
0.7782241702079773,1.0,-0.5725657343864441,-1.0,0.06669139117002487,-0.3196825385093689,0.9399253726005554,0.9964228868484497,0.9997289776802063,0.9974473118782043,,1.0
0.6788128018379211,-0.8884670734405518,0.9852700233459473,0.855989396572113,0.41336899995803833,-1.0,0.8123912215232849,0.9994866847991943,-0.6901177167892456,-0.8271441459655762,,1.0
0.999544084072113,0.9999983310699463,-0.9032056927680969,-0.999984622001648,-1.0,0.9966611266136169,0.981022834777832,0.9999856948852539,-0.9910539388656616,0.9332296252250671,,1.0
0.9002147912979126,1.0,-0.9998494386672974,-0.9999438524246216,1.0,0.9183980226516724,-0.8619145750999451,-0.9987594485282898,1.0,0.9118459224700928,,1.0
-0.9380013346672058,-0.9364437460899353,-0.8063852190971375,-0.9999989867210388,-0.9988763332366943,0.9997425675392151,-0.15091285109519958,1.0,0.5488625764846802,-0.44640952348709106,,1.0
-0.23037298023700714,-0.5873479843139648,-0.7709284424781799,-0.9290659427642822,-0.3546368181705475,0.9993817210197449,-0.002953475806862116,-1.0,-0.9489233493804932,-0.18579743802547455,,1.0
-0.16304953396320343,-0.9923859238624573,-0.6032702326774597,0.9923434257507324,0.9999997019767761,-0.9999944567680359,0.845693051815033,1.0,-0.7494400143623352,0.7875492572784424,,1.0
-0.999494194984436,0.47171518206596375,0.7400981187820435,-1.0,-0.9996988773345947,-1.0,0.10801485925912857,1.0,0.22442017495632172,-0.9564315676689148,,1.0
0.9780046343803406,1.0,0.999740481376648,-0.970679759979248,0.013903829269111156,-0.9999997019767761,0.983398973941803,0.9999991059303284,0.992779016494751,0.8284724950790405,,1.0
0.9999920725822449,0.9999996423721313,0.1839473992586136,-1.0,-0.9559959769248962,0.4889317750930786,0.9690371155738831,0.9999976754188538,-0.9949882626533508,0.999975860118866,,1.0
-0.9996325373649597,-1.0,-0.9906506538391113,-0.9999973773956299,0.9999920129776001,0.6185305118560791,-0.9422563314437866,-1.0,-1.0,0.951176106929779,,1.0
0.999596357345581,0.4682023227214813,-0.19243808090686798,0.9999985098838806,1.0,-0.97780442237854,0.9376929998397827,0.999974250793457,0.9993607401847839,-0.17351320385932922,,1.0
0.9358528852462769,-0.9999996423721313,0.9947929978370667,-1.0,0.9997243285179138,-0.9999006986618042,0.27044352889060974,1.0,-0.2595301568508148,0.8504738807678223,,1.0
-0.9999990463256836,0.9999228119850159,0.9999868869781494,0.3719787001609802,-0.925916850566864,-1.0,0.8079065680503845,-0.9976111054420471,-0.695523738861084,0.2167806476354599,,1.0
0.9829458594322205,0.99998539686203,-0.9997718334197998,0.9989442825317383,0.9948316812515259,-1.0,0.9670306444168091,0.9999816417694092,-0.9603627324104309,0.9619501829147339,,1.0
-0.999968409538269,-1.0,-0.4326203763484955,0.8554132580757141,-0.9992052912712097,-0.6090827584266663,-0.6880388259887695,1.0,-0.9997820258140564,-0.9991962313652039,,1.0
-0.9999505281448364,1.0,1.0,-0.9964748620986938,-1.0,0.9996247291564941,-0.5493496656417847,0.8015219569206238,0.9998278021812439,0.6145985722541809,,1.0
-0.6886297464370728,-1.0,-0.9999961256980896,-0.3145092725753784,0.8146039247512817,1.0,-0.9456442594528198,0.9999748468399048,-0.49696189165115356,0.03559858351945877,,1.0
-0.6495897173881531,0.9999465346336365,0.9999985694885254,0.9999938607215881,-0.9999826550483704,0.9996703267097473,-0.6473565697669983,-0.9889231324195862,0.8574672937393188,-0.9677959084510803,,1.0
-0.6395372748374939,-1.0,0.9363943934440613,-0.9961978793144226,-0.9983170032501221,0.7071192264556885,-0.9522015452384949,-0.9678425788879395,-0.9485053420066833,-0.9978824853897095,,1.0
-0.362744003534317,-0.9982197284698486,-0.9992051124572754,-1.0,1.0,-1.0,0.2023434042930603,0.6212778091430664,-0.9994468688964844,0.9527983665466309,,1.0
0.9690254926681519,0.9999949336051941,0.9999939203262329,0.9999524354934692,0.19621770083904266,-0.9998906254768372,0.9905401468276978,0.9999884963035583,0.9888119101524353,0.06907512992620468,,1.0
1.0,1.0,1.0,0.9980878233909607,-0.8047419190406799,0.9983716607093811,0.9999149441719055,0.9608755707740784,0.9995724558830261,0.9999987483024597,,1.0
-0.12195409834384918,-1.0,0.6680974364280701,-0.9999945163726807,-0.8473961353302002,0.9994685649871826,-0.9818424582481384,-0.9977465867996216,-0.9875235557556152,-0.7549400329589844,,1.0
-0.9999985098838806,-1.0,-0.9989281296730042,-0.2394704967737198,0.6535664796829224,0.9998477697372437,-0.9949904680252075,-1.0,-0.9993065595626831,-0.995296061038971,,1.0
1.0,1.0,-1.0,0.620627760887146,0.9885594248771667,0.9999992847442627,0.980208158493042,1.0,0.9430840611457825,0.9999610781669617,,1.0
0.9895291924476624,0.9996634721755981,1.0,0.9932391047477722,-0.19009104371070862,0.9253224730491638,0.9903810620307922,0.8875479698181152,0.034437648952007294,0.7083396911621094,,1.0
0.6652977466583252,-0.9987120032310486,-1.0,-0.9813687205314636,0.9999994039535522,1.0,-0.9417445063591003,0.9999996423721313,0.9999462962150574,0.7636005878448486,,1.0
0.9999877214431763,-0.8183174133300781,-0.9999986290931702,-0.9999729990959167,0.9988653659820557,1.0,-0.0727245882153511,-0.9816256165504456,-0.33957257866859436,0.9794522523880005,,1.0
-0.9563632607460022,1.0,-0.9999663829803467,-0.261592298746109,0.9989944100379944,0.9999942779541016,-0.9036788940429688,0.932441771030426,0.9999793171882629,-0.9931668043136597,,1.0
-0.49086591601371765,-0.8749634623527527,-1.0,1.0,1.0,1.0,-0.999630868434906,-0.9976702928543091,0.9999221563339233,0.6955467462539673,,1.0
0.9966447949409485,-1.0,-0.9999691247940063,0.9999997019767761,0.17254972457885742,-1.0,-0.2808448076248169,-0.9999995231628418,-0.999992847442627,-0.8674560785293579,,1.0
-0.9981352090835571,1.0,0.9120189547538757,-0.9988229274749756,-0.99996018409729,-0.984062671661377,0.8901599645614624,-1.0,0.9742425680160522,0.6205775141716003,,1.0
-0.9630476832389832,1.0,0.9999997019767761,0.9565002918243408,-0.9999951124191284,-0.8968461751937866,0.8789103627204895,-0.9978036880493164,0.993748128414154,0.2953781485557556,,1.0
-0.9836748242378235,-0.9998791813850403,-0.9587100744247437,-1.0,0.8875432014465332,-0.9419726133346558,-0.054136972874403,1.0,-0.9999933242797852,0.989486813545227,,1.0
-0.3909665644168854,1.0,0.9894654750823975,-1.0,-0.8935434818267822,-0.9993210434913635,0.7599454522132874,-0.1715417504310608,0.8255748152732849,0.9807065725326538,,1.0
0.9999807476997375,1.0,0.9995010495185852,-0.9970709085464478,0.9999035000801086,-0.9991126656532288,0.9856396317481995,-0.8265501260757446,0.6877351403236389,0.9999950528144836,,1.0
0.9999983310699463,1.0,0.9994155764579773,0.6649504899978638,0.9922376275062561,1.0,0.9703085422515869,0.9977722764015198,0.9955205321311951,0.9643494486808777,,1.0
-0.9999889731407166,0.9993811845779419,0.9999968409538269,0.7731004357337952,0.16522318124771118,-0.8156157732009888,0.5656065344810486,-0.9999479651451111,-0.8320123553276062,-0.8758662939071655,,1.0
-0.8289552330970764,-1.0,-0.998863160610199,1.0,-1.0,-0.8862332701683044,-0.2408154457807541,-1.0,-0.9999098181724548,-0.3575062155723572,,1.0
0.9902989864349365,-1.0,-1.0,0.9993340969085693,0.9832003712654114,-1.0,-0.468563973903656,-1.0,-0.999991238117218,0.9785375595092773,,1.0
-0.6859267950057983,-0.9995258450508118,-0.9999995231628418,0.9999972581863403,-0.9999921321868896,-0.9999619722366333,-0.9700396060943604,0.9998494386672974,-0.4026702344417572,-0.9940346479415894,,1.0
0.8734870553016663,1.0,0.27137571573257446,-0.9997164607048035,-1.0,0.9999985098838806,0.054415926337242126,-1.0,0.8816491365432739,0.9939827919006348,,1.0
0.21439129114151,1.0,1.0,1.0,-1.0,1.0,0.9460160732269287,-0.9999780058860779,-0.9980332255363464,0.543599545955658,,1.0
0.6300264000892639,-1.0,-0.35069575905799866,-1.0,0.9389587044715881,-0.963051974773407,-0.9153382778167725,-0.9979692697525024,-0.8983336091041565,-0.4840039908885956,,1.0
0.3908945620059967,-1.0,-0.9896785020828247,0.999997079372406,-0.9999993443489075,-0.997552216053009,0.08153611421585083,-0.9856102466583252,-0.9961621165275574,-0.7146671414375305,,1.0
0.9925599694252014,1.0,0.998375654220581,1.0,-1.0,0.9989511370658875,0.9772543907165527,-1.0,-0.9758041501045227,0.8645135164260864,,1.0
-0.9241042733192444,-0.9688522815704346,-0.0031368699856102467,0.365497350692749,-0.9999839067459106,-0.9023902416229248,-0.021318336948752403,-0.40498149394989014,-0.3244395852088928,-0.9610260725021362,,1.0
0.9999631643295288,1.0,-0.9119189977645874,-0.9974107146263123,-1.0,-0.9999994039535522,0.8754008412361145,-0.9992689490318298,0.999900758266449,0.8796201348304749,,1.0
0.9951078295707703,1.0,1.0,1.0,-1.0,1.0,0.9575515985488892,1.0,0.9993685483932495,0.983969509601593,,1.0
-0.9999992847442627,-0.9929330945014954,0.1672966629266739,-0.9999893307685852,-0.7749807834625244,-0.5151688456535339,-0.557914137840271,-1.0,-0.99599289894104,-0.9401491284370422,,1.0
-0.9999344944953918,0.9998012781143188,-0.841993510723114,-0.999998152256012,-0.8421810865402222,0.9999191761016846,-0.19994626939296722,0.9750751852989197,0.962792694568634,-0.9961270689964294,,1.0
-0.9706724286079407,1.0,0.9999997615814209,0.999912679195404,-0.9999812245368958,-0.9918150901794434,0.6545670628547668,-0.7395949363708496,0.9998865127563477,-0.2743491530418396,,1.0
0.5432742834091187,1.0,1.0,0.998965322971344,0.304757684469223,-1.0,0.9025714993476868,0.996690034866333,1.0,-0.4222815930843353,,1.0
-0.9851359128952026,-0.9999517798423767,-0.8614081144332886,0.5066555738449097,0.7203037142753601,1.0,0.017234599217772484,-0.9998217821121216,-0.9941575527191162,-0.9990833401679993,,1.0
-0.9989486932754517,-1.0,-0.9982290267944336,-1.0,0.9159854650497437,-0.9995037317276001,-0.7606420516967773,-0.882304847240448,-0.999834418296814,-0.8557649850845337,,1.0
0.14121590554714203,1.0,0.9995904564857483,0.999997079372406,0.9942421317100525,1.0,0.9003690481185913,-1.0,0.0019891085103154182,-0.956464409828186,,1.0
0.7580353617668152,1.0,0.9999978542327881,-0.9047929048538208,-1.0,1.0,0.5261071920394897,-0.9804511070251465,0.8623883724212646,0.7984930872917175,,1.0
-0.9966446757316589,1.0,0.04460761323571205,-0.9999889135360718,-1.0,-0.9959248304367065,0.9202762842178345,1.0,0.6795246601104736,-0.679628312587738,,1.0
-0.999010443687439,-1.0,0.9999895691871643,1.0,-0.7177088856697083,0.9998546838760376,-0.9264076352119446,0.9973726272583008,-0.9952068328857422,-0.5432490110397339,,1.0
-0.9988197088241577,-0.9999322295188904,-0.9998037219047546,-0.9787273406982422,0.9984725713729858,0.9996106624603271,-0.5438545346260071,0.9999990463256836,0.7110565304756165,-0.9812813401222229,,1.0
-1.0,-1.0,-1.0,-0.9998841285705566,0.9999817609786987,0.416045218706131,-0.9998685121536255,-0.9999850392341614,-0.9998655319213867,-0.9995521903038025,,1.0
-0.9999836087226868,-1.0,-0.6758751273155212,0.9982281923294067,0.8981703519821167,-1.0,-0.9953547716140747,0.8262557983398438,-0.42494216561317444,-0.9995127320289612,,1.0
0.9930523633956909,-0.9897060394287109,-0.9999863505363464,0.8775131106376648,-0.9980702996253967,-0.9999869465827942,0.9166931509971619,-0.9902160167694092,-0.9861711263656616,0.7304462790489197,,1.0
-0.9999567866325378,-1.0,-0.6635345816612244,-0.9999889731407166,-0.9999993443489075,0.9989458918571472,-0.5527803897857666,0.9996893405914307,-0.9999567270278931,-0.9915298223495483,,1.0
-1.0,-1.0,-0.9199363589286804,0.9964525103569031,-0.9983538389205933,-0.9999713897705078,-0.9817748069763184,-1.0,-0.9632475972175598,-0.9798455834388733,,1.0
-0.9999696016311646,0.9999995231628418,0.9999996423721313,-0.9999992847442627,-0.984279990196228,-0.9999996423721313,0.9087026119232178,-0.9605741500854492,-0.8674312829971313,0.9934666156768799,,1.0
-1.0,1.0,-0.999930202960968,1.0,-0.9999935626983643,0.9980305433273315,-0.2423875480890274,-0.9600802063941956,-0.23080985248088837,-0.4229775369167328,,1.0
1.0,1.0,0.9999896287918091,0.9999912977218628,0.9974777698516846,-0.9995784759521484,0.9311500787734985,-0.9676004648208618,0.9847002625465393,0.8411605954170227,,1.0
0.987759530544281,-0.9992215633392334,-0.49937573075294495,-0.8534965515136719,-0.9401484727859497,-0.9298562407493591,0.7013283371925354,0.6176865696907043,-0.88443523645401,0.45392167568206787,,1.0
-1.0,-1.0,-0.9999995827674866,0.9845682978630066,0.9999924302101135,0.9987471103668213,-0.9914640784263611,0.9998738169670105,-0.31932249665260315,-0.9995371699333191,,1.0
0.9922865033149719,-0.9986339807510376,0.9999994039535522,-0.999896228313446,0.9487224221229553,-1.0,0.9811803102493286,1.0,-0.8495838642120361,0.06431742757558823,,1.0
0.9990307092666626,-1.0,-1.0,-0.019539382308721542,0.990606427192688,0.8948735594749451,-0.20149290561676025,1.0,-0.9903979897499084,-0.7904990911483765,,1.0
-0.9999995827674866,-1.0,-0.9999834895133972,-0.8274765610694885,-0.2909561097621918,-0.3163377344608307,-0.9912404417991638,0.9998878836631775,0.9894274473190308,-0.9947282075881958,,1.0
0.9998577833175659,-0.3984367549419403,-1.0,1.0,1.0,-0.9999994039535522,-0.9777929782867432,1.0,-0.054724566638469696,0.9612681865692139,,1.0
-0.999995768070221,-0.9998888969421387,-0.9998900294303894,-1.0,0.9983333945274353,0.9998859167098999,-0.7557564973831177,-0.8238522410392761,-0.9264403581619263,-0.9731612205505371,,1.0
0.9998795390129089,-1.0,0.7976518869400024,0.9991990327835083,-0.9999995231628418,-0.9999948143959045,0.9752423763275146,-1.0,-0.9999974966049194,0.050953976809978485,,1.0
0.9999778866767883,-0.5959608554840088,0.6509966850280762,1.0,-0.7313611507415771,-1.0,0.9945894479751587,-0.9966974258422852,-0.9994849562644958,0.7192156314849854,,1.0
0.9192221164703369,0.9999994039535522,-0.1947229951620102,0.9590367078781128,-0.9987193942070007,0.9905232787132263,0.2699629068374634,0.9999997019767761,0.9164648056030273,0.3985639214515686,,1.0
0.97451251745224,-1.0,-0.929905354976654,0.8875741958618164,-0.9995478987693787,-0.999228298664093,0.3438166081905365,1.0,-0.8463578820228577,-0.4263995289802551,,1.0
-0.9973955750465393,-1.0,-0.8772386312484741,-1.0,0.9997215270996094,-0.9932132363319397,-0.9596433639526367,1.0,-0.989141047000885,-0.9973516464233398,,1.0
0.9999215006828308,-1.0,-0.9999885559082031,-0.38869404792785645,-0.9990708231925964,-0.879725992679596,0.9633787274360657,-0.9999596476554871,-1.0,0.9935606122016907,,1.0
-1.0,-0.9999663233757019,-0.9999929666519165,1.0,0.9606772661209106,-0.999900758266449,-0.9581778645515442,1.0,-0.9351868629455566,-0.7112372517585754,,1.0
0.9999590516090393,-0.9993340969085693,0.9999836683273315,1.0,-1.0,0.9999986290931702,-0.9944185614585876,1.0,0.9999056458473206,-0.14717070758342743,,1.0
-0.523720383644104,-1.0,-0.992283284664154,-0.9742586016654968,-0.999995231628418,-0.24843384325504303,-0.9865893125534058,-0.9999994039535522,-0.9996343851089478,-0.9339002370834351,,1.0
0.15303827822208405,0.42681974172592163,0.999764621257782,-0.9998729825019836,-1.0,-1.0,0.9552012085914612,0.9999925494194031,-0.9983393549919128,-0.6267991662025452,,1.0
0.9981333017349243,0.9754701256752014,0.2982467710971832,1.0,-0.9920128583908081,1.0,0.8365431427955627,0.999999463558197,-0.9435837268829346,-0.9284943342208862,,1.0
0.9978740215301514,0.9904611110687256,1.0,0.9994393587112427,-0.9969568252563477,-1.0,0.9985527992248535,1.0,-0.8673122525215149,-0.04377969726920128,,1.0
1.0,1.0,0.7881564497947693,1.0,-0.9972782135009766,-0.47245272994041443,0.9742345213890076,0.5447043776512146,0.9999991655349731,0.9997230768203735,,1.0
0.8384312987327576,-1.0,0.6648426651954651,-0.9999983310699463,-0.9998757839202881,-0.9991466403007507,-0.2619439661502838,0.9902532696723938,-0.9999830722808838,-0.9005522131919861,,1.0
-0.8891193270683289,0.9999980330467224,-0.999746561050415,-0.999783456325531,0.8080977201461792,-0.997818112373352,0.41242530941963196,0.9999893307685852,0.9999021887779236,-0.34129512310028076,,1.0
-1.0,-0.9889990091323853,0.9997959136962891,-0.9999975562095642,-0.9999942779541016,0.9073712229728699,-0.4248513877391815,-1.0,-0.9295542240142822,-0.9988772869110107,,1.0
0.9186262488365173,-1.0,-0.9999985098838806,0.9999440312385559,0.9999740123748779,-1.0,-0.9845941662788391,0.5112918019294739,-0.9997861981391907,-0.9875186085700989,,1.0
-0.9999963045120239,-1.0,0.9616100192070007,0.9744701385498047,-0.9346079230308533,-0.8120024800300598,-0.8876493573188782,0.9999942183494568,-0.9505869746208191,-0.9908308982849121,,1.0
-1.0,0.9999991655349731,-0.8395717740058899,-0.9999887347221375,0.9998172521591187,-0.9999995231628418,-0.9523089528083801,-0.8271477222442627,0.9890241622924805,-0.9494312405586243,,1.0
-0.9990589618682861,-1.0,-0.21312206983566284,-0.999993085861206,0.9993358254432678,-0.9990554451942444,-0.7557152509689331,0.9997040629386902,-0.5082806348800659,-0.9893434643745422,,1.0
0.9999997019767761,-1.0,-0.9930839538574219,0.9999983310699463,0.9999949336051941,1.0,-0.9648345708847046,-0.9999967813491821,-0.9999982714653015,0.8835785984992981,,1.0
0.9999982118606567,-0.9999996423721313,0.8858034014701843,0.9999988079071045,0.4572208523750305,0.4870169460773468,0.9885477423667908,-0.9996685981750488,-1.0,0.7339851260185242,,1.0
0.9998204708099365,0.959984540939331,-0.9999730587005615,0.9999998211860657,-0.7798003554344177,0.9999896287918091,0.9047160744667053,-0.9999992847442627,-0.9923642873764038,-0.5164879560470581,,1.0
0.9891986846923828,-1.0,-0.9920691847801208,-0.38522300124168396,0.999879002571106,-0.9999274015426636,0.03847816213965416,0.9999997019767761,0.1908293217420578,-0.3413364589214325,,1.0
-0.17815236747264862,-0.9999992251396179,-0.9860475659370422,-0.9999994039535522,1.0,0.9846566915512085,-0.9641686677932739,-0.9999985694885254,0.30613771080970764,-0.42404526472091675,,1.0
0.970837414264679,1.0,-0.6154037714004517,0.9261181354522705,-1.0,-1.0,0.806191086769104,-0.9999914169311523,0.05160079151391983,-0.39179328083992004,,1.0
0.9999995231628418,-1.0,0.9999949932098389,1.0,-0.9999930262565613,0.9981177449226379,-0.4641343057155609,1.0,0.9998507499694824,0.7577610611915588,,1.0
0.9999784827232361,0.8095546960830688,-1.0,0.9991543292999268,-0.9999982714653015,-0.9924516677856445,0.7813564538955688,-0.7363030314445496,-0.9600932598114014,0.2956482172012329,,1.0
0.0500384084880352,0.9998392462730408,0.912652850151062,-1.0,0.9999067783355713,-1.0,-0.6137171983718872,-0.9999992847442627,0.9947962760925293,-0.2987930476665497,,1.0
-0.9998591542243958,1.0,-0.9966089129447937,0.9999955892562866,-1.0,0.9999927282333374,-0.5519011616706848,-1.0,0.2079368382692337,0.6394124031066895,,1.0
-1.0,-0.9999958872795105,1.0,1.0,-0.9981139302253723,0.8105007410049438,-0.5950290560722351,-0.999999463558197,-0.9988465905189514,-0.9964019060134888,,1.0
-0.8418390154838562,-0.9869806170463562,-0.9826217889785767,0.9996511936187744,-0.9871311783790588,-0.9408767223358154,-0.9028458595275879,-0.9992889761924744,-0.9698245525360107,-0.9982839226722717,,1.0
0.2252080887556076,0.6679591536521912,-0.9568507075309753,-0.9999390244483948,0.999482274055481,-0.9999956488609314,0.2715334892272949,-0.9999964237213135,0.4801659882068634,-0.4417822062969208,,1.0
0.6821088194847107,-1.0,0.9483572840690613,1.0,0.6030499935150146,1.0,-0.9601771235466003,-1.0,-0.9999740123748779,0.9586568474769592,,1.0
-0.997811496257782,-1.0,-0.9548707008361816,0.9990770816802979,-1.0,0.9376634955406189,-0.007077113725244999,-0.999998927116394,-1.0,-0.8465097546577454,,1.0
-0.999994158744812,1.0,-0.33382272720336914,1.0,1.0,1.0,-0.4226604998111725,-0.9999951720237732,-0.20281514525413513,-0.2606605291366577,,1.0
0.9999866485595703,0.9744938015937805,-0.9996451735496521,-1.0,0.9999997019767761,-1.0,0.9726420044898987,0.999122142791748,-0.9995027184486389,0.9999857544898987,,1.0
1.0,-0.9996596574783325,1.0,1.0,-0.9982902407646179,-0.9845786094665527,0.916595458984375,-0.9999869465827942,-0.6729732155799866,0.9318471550941467,,1.0
-0.9995693564414978,-0.9999878406524658,-0.7986379265785217,-0.9999805688858032,0.9962853193283081,-0.999777615070343,-0.6393737196922302,0.22769974172115326,-0.9589381814002991,-0.9627429842948914,,1.0
0.9996875524520874,0.9996482133865356,0.9996962547302246,0.9883791208267212,-0.4406978487968445,-0.12605153024196625,0.6953150033950806,1.0,0.9998813271522522,0.937686026096344,,1.0
-0.8586668968200684,-0.9999973773956299,-0.9975647926330566,0.9999383687973022,-0.9999988079071045,-0.08254688233137131,-0.28449124097824097,-1.0,-0.9961444735527039,-0.9602024555206299,,1.0
0.9997075200080872,-0.8936435580253601,-0.9898609519004822,-0.4625954329967499,-0.9999580383300781,-1.0,0.9714915752410889,-1.0,-0.9766066074371338,0.8579897284507751,,1.0
-0.22123391926288605,-1.0,0.03523319587111473,0.9999132752418518,1.0,-0.9999781250953674,-0.9855766296386719,-0.9995331168174744,-0.9996445178985596,0.7116673588752747,,1.0
-0.8473721742630005,0.9999990463256836,-0.9998059272766113,-1.0,-1.0,0.9920620918273926,0.9403240084648132,0.5712257623672485,-0.9969794154167175,0.9936308264732361,,1.0
-1.0,-1.0,-0.9999635815620422,-0.6361605525016785,-0.9995225071907043,0.9731597900390625,-0.9939066767692566,-1.0,-0.3311501443386078,-0.9996864199638367,,1.0
0.9955457448959351,-0.9999960660934448,-0.9559893012046814,-0.9974040985107422,-0.999965488910675,-0.7008788585662842,-0.2464275360107422,0.45745840668678284,-0.5308505892753601,-0.8348121643066406,,1.0
-0.8392407894134521,0.9974129796028137,-0.9287034273147583,-0.9934089183807373,-0.27057328820228577,-0.29967451095581055,-0.06928174197673798,-0.9999978542327881,-0.08290226012468338,0.9818023443222046,,1.0
0.9865305423736572,1.0,1.0,1.0,-1.0,-0.9996917843818665,0.9989868998527527,0.9900787472724915,-0.9528211355209351,-0.06891058385372162,,1.0
1.0,0.9999991655349731,-0.9969663619995117,0.9992766380310059,0.9994891881942749,0.9998182058334351,-0.7797262668609619,0.9999533295631409,0.9999291300773621,0.9760937094688416,,1.0
0.9881750345230103,0.9999955892562866,-0.9999041557312012,0.5596121549606323,-1.0,0.9999983310699463,0.9704224467277527,0.7649925947189331,0.7382130026817322,0.38307201862335205,,1.0
-0.8697421550750732,-1.0,0.9735669493675232,-0.9999992847442627,0.8944558501243591,-0.2961571216583252,-0.9088696241378784,0.9999988079071045,-0.9999802708625793,-0.9393959641456604,,1.0
-0.9999996423721313,-0.9013088941574097,-1.0,-0.9996323585510254,0.9995937943458557,-0.9999536275863647,-0.9954193830490112,0.9990512132644653,0.9995220899581909,-0.9996627569198608,,1.0
-0.9996643662452698,-0.9999638795852661,-0.9998327493667603,-1.0,0.9999893307685852,-1.0,-0.9759687185287476,0.9643891453742981,-0.9999672770500183,-0.7975530028343201,,1.0
0.9976441264152527,-1.0,0.9999929070472717,-0.9993390440940857,0.3028677999973297,1.0,-0.8552331328392029,-1.0,-1.0,0.9916632771492004,,1.0
0.9999903440475464,0.9999551773071289,0.9999805092811584,0.9999991655349731,-0.631544291973114,-0.9998399615287781,0.9241151809692383,0.9635554552078247,0.9989727139472961,0.7625776529312134,,1.0
0.9999991059303284,1.0,1.0,1.0,-0.9979943633079529,-0.9861335754394531,0.9976003170013428,-0.04748326539993286,0.9999828934669495,0.9975298643112183,,1.0
-0.9999291300773621,-0.15365533530712128,-0.13111688196659088,0.9960148334503174,-0.9911571741104126,0.9998293519020081,-0.8542951941490173,-0.9978617429733276,-0.5999880433082581,0.9907596111297607,,1.0
0.8151703476905823,0.9990754127502441,-0.9999263882637024,0.9999706745147705,-0.9999565482139587,1.0,0.22577203810214996,0.962103545665741,0.9996827840805054,-0.534837543964386,,1.0
0.9999753832817078,0.9826302528381348,-0.091612309217453,-0.4526136517524719,-0.8495826721191406,-0.994161069393158,0.9768291115760803,-0.9999957084655762,-0.9495014548301697,0.850873589515686,,1.0
-0.022109122946858406,-1.0,-0.9986887574195862,-1.0,-0.9999618530273438,0.9997086524963379,-0.5720571279525757,0.9999238848686218,-0.9623042941093445,-0.025188585743308067,,1.0
0.9994094371795654,-1.0,0.9736530780792236,-0.9998485445976257,0.9999995231628418,0.427388459444046,-0.9869610667228699,-0.9999997019767761,0.9970595240592957,-0.7727642059326172,,1.0
-0.9997889995574951,0.9999974966049194,-0.9650211334228516,-0.9949673414230347,0.9587735533714294,-0.999998152256012,-0.3248250484466553,0.9987441301345825,0.9879768490791321,-0.9302512407302856,,1.0
0.9971631765365601,-0.9996924996376038,0.997938871383667,1.0,-1.0,0.999999463558197,-0.8267049789428711,0.9999613761901855,0.9942841529846191,0.24227170646190643,,1.0
0.7880652546882629,1.0,-0.9980052709579468,-1.0,-0.7476747035980225,0.9999902248382568,0.8777684569358826,1.0,0.9243795275688171,0.9944947957992554,,1.0
-0.999979555606842,-0.8687106966972351,-0.9994862079620361,0.9998329877853394,-1.0,0.9912689328193665,-0.819201648235321,-0.9995313286781311,0.8003711104393005,-0.9849780201911926,,1.0
-0.010580509901046753,-0.7660464644432068,-0.9998936057090759,-0.9999240040779114,0.9999954700469971,0.9985388517379761,0.4153830409049988,0.999703586101532,0.9125108122825623,-0.1803252100944519,,1.0
-0.6130918860435486,-0.9999954104423523,-0.9998593926429749,-0.03950052335858345,0.9901918172836304,-1.0,-0.3326824903488159,0.9499247670173645,-0.6190350651741028,-0.9336622357368469,,1.0
-0.20156455039978027,-0.3955433964729309,-1.0,-0.9999775290489197,1.0,0.9140155911445618,-0.8874953985214233,-0.6856815814971924,0.3507463037967682,-0.5993671417236328,,1.0
-0.99992835521698,-0.9999992251396179,-0.9999154210090637,-0.9999797344207764,0.9999979138374329,0.996789813041687,-0.8813530206680298,-0.8535815477371216,-0.9662874937057495,-0.9821980595588684,,1.0
0.9973728656768799,1.0,0.9999762177467346,-0.999334990978241,-1.0,1.0,0.6169006824493408,-1.0,0.997201681137085,0.9998619556427002,,1.0
0.9896820187568665,1.0,0.8934006690979004,-0.9983598589897156,0.9993475675582886,0.9995469450950623,0.15529803931713104,-0.9999975562095642,0.9999173283576965,0.9831086993217468,,1.0
0.3512190282344818,-0.9999249577522278,-0.9998383522033691,0.9999799132347107,0.9999808669090271,-1.0,-0.657067596912384,1.0,0.1091131865978241,-0.9716542959213257,,1.0
1.0,1.0,-0.9985154867172241,-0.6748806238174438,0.9819648861885071,1.0,0.27295204997062683,-1.0,0.9968047738075256,0.9993011951446533,,1.0
-0.9649673104286194,1.0,-0.9998817443847656,-1.0,0.991399347782135,0.846523106098175,0.8779928684234619,0.9945691227912903,0.9451240301132202,0.2914416790008545,,1.0
-0.9988234043121338,0.7063331604003906,-0.971160352230072,1.0,0.3113323450088501,0.9997547268867493,-0.618424654006958,-0.9999601244926453,-0.998914897441864,-0.966773271560669,,1.0
0.661414384841919,-0.9646367430686951,0.6489770412445068,0.999914824962616,0.9961326718330383,-0.9819161891937256,0.40370672941207886,0.999998152256012,0.9990888833999634,-0.5857406258583069,,1.0
-0.9890211820602417,0.999997079372406,-0.1057155653834343,-1.0,-0.9551979303359985,0.9999901652336121,0.9202256798744202,1.0,-0.9958088994026184,0.31088048219680786,,1.0
0.9564112424850464,0.9856534004211426,-1.0,0.9998010396957397,0.9999948740005493,0.9343541860580444,-0.8280336260795593,0.9879347085952759,0.9998816847801208,-0.6147604584693909,,1.0
0.9593589305877686,-1.0,-1.0,1.0,1.0,0.9999977350234985,-0.9972265958786011,0.8350348472595215,-0.9998986124992371,0.839347779750824,,1.0
0.9998418688774109,-0.5788417458534241,-0.9997804164886475,-1.0,1.0,-0.9916297793388367,0.6526850461959839,-0.9999774694442749,-0.8302079439163208,0.992239236831665,,1.0
1.0,0.999923586845398,0.2801576256752014,1.0,0.9999992251396179,-1.0,0.9930064678192139,0.9999651908874512,0.9769877195358276,0.9400696754455566,,1.0
0.9999932646751404,-0.9994975328445435,-1.0,-0.34435293078422546,0.9999973177909851,-1.0,0.7712345719337463,-0.9981467723846436,-0.999954342842102,0.5588006973266602,,1.0
0.9993274807929993,0.7179100513458252,0.9989910125732422,0.9999176263809204,-0.9916772842407227,-0.9994637966156006,0.9328719973564148,0.9999946355819702,0.9929936528205872,0.20082378387451172,,1.0
0.9994992613792419,-1.0,-0.8538793325424194,0.9995887279510498,-0.9992046356201172,1.0,-0.8980635404586792,0.9410444498062134,0.8860964775085449,0.3190709948539734,,1.0
-0.9978074431419373,1.0,0.8249430060386658,-0.9933739304542542,-0.8833221793174744,0.6728572249412537,-0.46685126423835754,0.9989749193191528,0.9999668598175049,-0.983142614364624,,1.0
0.9933741688728333,1.0,-0.9999517798423767,-1.0,0.9999948740005493,0.8698864579200745,0.9841060042381287,1.0,-0.1110050231218338,0.9999967217445374,,1.0
-0.9966920614242554,-1.0,-0.9417601227760315,-0.9999935030937195,-0.1766360104084015,-0.13987158238887787,-0.787736713886261,-0.6711453795433044,-0.9999948143959045,-0.9865486025810242,,1.0
-0.7128004431724548,0.9999961853027344,-0.9999624490737915,0.9998862743377686,-0.9999827146530151,1.0,-0.9037070870399475,-0.8490578532218933,0.9995620250701904,0.7483558654785156,,1.0
0.9965524673461914,-1.0,-1.0,-1.0,1.0,-0.5303903818130493,-0.6446501016616821,0.2501230239868164,-0.9999885559082031,0.3252532184123993,,1.0
-0.9946654438972473,1.0,0.9697659015655518,0.9999723434448242,1.0,-0.8103079795837402,-0.5208874940872192,-1.0,0.9999586939811707,0.8504765629768372,,1.0
1.0,1.0,0.9961220622062683,0.9999831914901733,-0.9968370795249939,1.0,0.2775978744029999,-0.9986539483070374,0.9999986290931702,0.9974877834320068,,1.0
-0.8238099217414856,-0.9999716281890869,0.9210413098335266,0.2153543382883072,-0.973247230052948,-0.9999977946281433,0.5277001857757568,-0.9665631651878357,-0.9830008149147034,-0.9278581738471985,,1.0
1.0,0.9999963641166687,-0.9999980330467224,0.9999485611915588,0.9974582195281982,0.999998927116394,0.9427809119224548,-0.9434406757354736,-0.6489081978797913,0.9997292160987854,,1.0
-0.7379465699195862,0.9786555767059326,-0.999978244304657,-0.9952011704444885,0.1334300935268402,0.04796279966831207,-0.46307194232940674,0.8403611779212952,0.028792057186365128,-0.9978068470954895,,1.0
-0.9999483823776245,1.0,1.0,1.0,-1.0,-0.9499903321266174,0.9852097034454346,0.9019137024879456,0.9670255184173584,-0.2377275824546814,,1.0
0.9999722838401794,0.9999967813491821,-1.0,-0.9993406534194946,1.0,-0.4777058959007263,0.7556513547897339,0.7646594047546387,0.9988433122634888,0.9605810046195984,,1.0
-0.8526991009712219,-0.9999997019767761,-0.9256183505058289,0.9965832829475403,0.6245076060295105,-0.9105260968208313,0.7539345622062683,-1.0,-1.0,0.9698687195777893,,1.0
0.9994255304336548,-0.9999975562095642,-0.9119139909744263,-0.9655637741088867,0.9995198249816895,0.9993288516998291,-0.562778115272522,-0.9998729825019836,0.9342135190963745,-0.6772412061691284,,1.0
0.9992796182632446,0.9843733310699463,0.5682581067085266,0.9982037544250488,1.0,-1.0,-0.935343325138092,-1.0,0.9979001879692078,0.9416276216506958,,1.0
-0.9999983310699463,0.6085720658302307,0.26933303475379944,-0.9999673366546631,-0.9999976754188538,0.9898242354393005,0.02269500121474266,1.0,-0.7997603416442871,-0.9327822923660278,,1.0
0.9437413215637207,1.0,1.0,1.0,-1.0,1.0,0.17619527876377106,-1.0,0.6406784653663635,-0.2562045454978943,,1.0
1.0,1.0,0.9187329411506653,0.9865465760231018,-0.9993740916252136,-0.9999932050704956,0.999600887298584,-0.9008386731147766,-0.5967273116111755,0.9992454051971436,,1.0
0.07200954854488373,0.9986721277236938,-0.9999988079071045,0.9939360022544861,0.9963179230690002,-1.0,-0.4299217462539673,-0.9999979138374329,0.7561790347099304,0.6328050494194031,,1.0
0.9999986290931702,1.0,-0.9968416690826416,1.0,0.9999777674674988,0.9998890161514282,0.7636443376541138,-0.9999905228614807,0.9830690026283264,0.5351312160491943,,1.0
-0.9505621194839478,-1.0,0.9999940395355225,0.9999990463256836,0.9827725291252136,0.9999994039535522,-0.01265562791377306,0.9999994039535522,-0.7685274481773376,-0.9760018587112427,,1.0
-0.992376446723938,-0.999998927116394,-0.9909511208534241,0.562174379825592,0.9999971985816956,-1.0,-0.8921395540237427,-0.999999463558197,-0.46400755643844604,0.5806407928466797,,1.0
-0.9998483657836914,-1.0,0.7768990993499756,-1.0,0.9759977459907532,-1.0,-0.9879034757614136,-0.9997102618217468,-0.8290366530418396,-0.9979193806648254,,1.0
0.834543764591217,-0.9215331673622131,-0.996266782283783,-0.8594605326652527,-0.9945297241210938,-1.0,0.8966752290725708,-0.999998927116394,-0.8916217684745789,0.3866543173789978,,1.0
0.9999037384986877,0.4218423068523407,0.9551681280136108,0.6080150604248047,0.9790681600570679,-0.9999967217445374,0.975806474685669,-0.9974340200424194,-0.8376869559288025,0.9173663258552551,,1.0
0.9996445775032043,1.0,-0.9999995827674866,-0.8399468660354614,0.999983012676239,-0.9029241800308228,0.977617084980011,0.9008562564849854,0.9968642592430115,0.9615092277526855,,1.0
-0.924808144569397,-0.9999985694885254,0.9905422329902649,-0.996478259563446,-0.011960483156144619,0.9999335408210754,-0.9653663635253906,0.41026216745376587,0.9999711513519287,-0.9967246055603027,,1.0
0.9996703267097473,0.9781685471534729,0.8463301658630371,0.9999995231628418,-1.0,-0.9999184012413025,0.9996169805526733,0.9951763153076172,-0.999865710735321,0.9945995211601257,,1.0
-1.0,-1.0,0.9052672982215881,-0.999993085861206,-1.0,0.9999958872795105,-0.8778743743896484,0.9999828338623047,-0.9999992847442627,-0.9987738728523254,,1.0
0.9996948838233948,0.9994546175003052,0.9638276100158691,0.9968146681785583,-0.9975840449333191,-0.999972403049469,0.853541910648346,-0.686976969242096,0.9977465867996216,0.5330766439437866,,1.0
-0.9999966621398926,-0.9999655485153198,1.0,-0.9719823598861694,-1.0,-0.838467001914978,0.6638042330741882,1.0,-0.9996516108512878,-0.997286319732666,,1.0
-0.14457613229751587,-1.0,-0.15049630403518677,-1.0,0.8731944561004639,-1.0,-0.47509968280792236,0.5152680277824402,-0.9999974370002747,-0.38272005319595337,,1.0
0.13246983289718628,-0.9963572025299072,0.9999951124191284,0.9998214244842529,-0.9999939203262329,-0.7359748482704163,-0.4613877832889557,0.8907068371772766,0.9999682307243347,-0.8964803814888,,1.0
-0.9837712645530701,-0.9991889595985413,-0.9999982118606567,-1.0,1.0,-0.9999980330467224,-0.9287037253379822,0.6653273701667786,0.9975144863128662,0.17333976924419403,,1.0
0.9987844228744507,0.9959377646446228,-0.9999996423721313,0.9992632269859314,0.9999990463256836,-0.506452202796936,-0.8694574236869812,0.9981157183647156,0.9994727969169617,-0.9376501441001892,,1.0
0.9993478655815125,1.0,1.0,1.0,-1.0,1.0,0.5320093631744385,-0.17905065417289734,0.9844589829444885,0.997992992401123,,1.0
1.0,1.0,-1.0,-0.928168535232544,-1.0,-0.9999956488609314,0.9974420666694641,-0.9999914169311523,0.236089289188385,0.9997128248214722,,1.0
-1.0,-1.0,-0.9999822378158569,-0.9999979734420776,1.0,-0.999984085559845,-0.9996930956840515,-1.0,-0.9999905824661255,-0.703096330165863,,1.0
-0.9999906420707703,1.0,-0.5635147094726562,-1.0,-0.9994329214096069,-0.9852414727210999,0.9005720615386963,-0.9798956513404846,0.2833032011985779,0.9990015625953674,,1.0
-0.9813740849494934,0.9998548030853271,1.0,1.0,-0.9999974370002747,1.0,0.996357262134552,-1.0,-0.9999914169311523,-0.5449374318122864,,1.0
-1.0,-1.0,-0.589673638343811,-0.9908174276351929,1.0,-1.0,-0.9999529123306274,1.0,-0.9999995827674866,-0.9752788543701172,,1.0
0.9999920129776001,0.9999997615814209,1.0,0.9933996200561523,-0.999912679195404,-0.9998486638069153,0.9763889312744141,1.0,0.9994245171546936,0.977726936340332,,1.0
0.06434834748506546,-0.9999994039535522,-0.9898898601531982,-0.9997273087501526,-0.8282507061958313,-0.5285012125968933,-0.4712020456790924,-0.9402816295623779,-0.9226163029670715,-0.021521512418985367,,1.0
0.08547481894493103,-1.0,-0.9999942779541016,-1.0,0.9995609521865845,-1.0,-0.9628759026527405,-1.0,-1.0,-0.5860460996627808,,1.0
-0.9922599792480469,0.5219614505767822,-0.999934196472168,0.9988298416137695,0.9506310224533081,0.9778675436973572,0.3008032739162445,0.9999989867210388,-0.9903283715248108,-0.6417264342308044,,1.0
-0.9607885479927063,-0.9999967813491821,-0.9331803321838379,-0.6098477244377136,-0.6776560544967651,-0.9999382495880127,-0.11815035343170166,0.9999248385429382,-0.9962747693061829,-0.9767398238182068,,1.0
-0.9951717257499695,-1.0,0.9091559648513794,-0.999995768070221,0.999958872795105,-0.9999985098838806,-0.7846873998641968,1.0,-0.9999876618385315,-0.968643307685852,,1.0
0.9179856777191162,1.0,-1.0,-0.985702395439148,1.0,-0.999999463558197,-0.8218403458595276,-0.1622607409954071,0.9999925494194031,0.8949565291404724,,1.0
-1.0,-0.4704696536064148,1.0,-0.9297981262207031,-0.9999394416809082,-0.9991814494132996,0.9703475832939148,0.9999995827674866,-0.9998151659965515,0.3068305552005768,,1.0
-0.9976165890693665,-1.0,-0.9886034727096558,0.9872941374778748,1.0,-0.9999988079071045,-0.7606138586997986,1.0,0.7066901922225952,-0.8311243653297424,,1.0
-1.0,-1.0,0.292781263589859,-0.36581695079803467,-0.6773911714553833,0.20494094491004944,-0.9926027059555054,-0.9999996423721313,-1.0,-0.9857614636421204,,1.0
-0.9953148365020752,-0.9871227741241455,-0.9998868703842163,-0.9968576431274414,0.9996718764305115,-1.0,-0.4177294671535492,0.9996796250343323,-0.9916744232177734,-0.937417209148407,,1.0
0.9999700784683228,1.0,0.2562764585018158,0.999998927116394,-0.999998152256012,-0.9934486746788025,0.995396077632904,0.4348076283931732,0.9611768126487732,0.9950379133224487,,1.0
0.9222778081893921,0.9999977946281433,0.9991613626480103,0.9555007815361023,-0.9638408422470093,0.9998679161071777,0.7909228801727295,0.8752256035804749,0.998884379863739,-0.6557070016860962,,1.0
0.976913332939148,-1.0,1.0,1.0,-0.7059372663497925,1.0,0.5825472474098206,0.766188383102417,-0.9996634721755981,0.849651038646698,,1.0
1.0,1.0,0.8769733905792236,0.9996128082275391,0.9848715662956238,0.999954879283905,0.9998868703842163,0.9386597275733948,0.5061671733856201,0.9967014789581299,,1.0
-0.866905927658081,1.0,1.0,1.0,-1.0,0.4392757713794708,0.14172011613845825,0.9998213648796082,0.9999994039535522,-0.9984588623046875,,1.0
0.8544530272483826,-1.0,0.9999783039093018,0.9996666312217712,-0.9594221711158752,-0.9999926090240479,0.27089226245880127,-1.0,-0.9999474287033081,-0.7612865567207336,,1.0
-0.8677504062652588,-1.0,-0.9970433115959167,0.9947600960731506,-0.9998072981834412,0.9998975992202759,-0.9509739875793457,-1.0,-0.9998367428779602,-0.9720105528831482,,1.0
-0.9685602188110352,-0.9999996423721313,-0.999505877494812,-0.991263747215271,-1.0,-0.9998986124992371,-0.11081622540950775,-0.9990749955177307,-0.9813046455383301,-0.5164398550987244,,1.0
1.0,1.0,0.9913854002952576,0.9997710585594177,-0.9999886155128479,0.9874421954154968,0.9551306366920471,-0.9999039173126221,0.9999994039535522,0.9999980330467224,,1.0
0.9999992847442627,-0.999626874923706,-0.990002453327179,1.0,0.8798421621322632,-1.0,0.8580320477485657,0.999971866607666,-0.9161860942840576,-0.09136909246444702,,1.0
0.8933429718017578,1.0,-0.917496919631958,-0.9980641007423401,-0.9860835075378418,0.23520517349243164,0.9920968413352966,1.0,-0.7382497191429138,0.9320226311683655,,1.0
1.0,-0.9999949336051941,1.0,1.0,-0.9974627494812012,1.0,0.9946060180664062,-0.9011139273643494,-0.9999491572380066,0.9808034300804138,,1.0
-0.9998285174369812,-0.9999997019767761,-0.36994028091430664,-0.9895681738853455,-0.9620991349220276,-0.39865416288375854,-0.9613521695137024,-1.0,-0.8130085468292236,-0.9122512936592102,,1.0
-0.9649770259857178,1.0,0.9981573820114136,-0.9999966621398926,-0.9827089309692383,-0.999976634979248,-0.18930166959762573,-1.0,0.9999062418937683,0.9786099195480347,,1.0
-0.9564386606216431,0.9999635815620422,-0.9999512434005737,-0.9997726082801819,0.9999911189079285,-1.0,-0.7720383405685425,-0.9999846816062927,0.9273654222488403,0.8534442782402039,,1.0
-0.9999980330467224,-1.0,-0.999046802520752,0.9998945593833923,-0.5824921131134033,-0.9996082186698914,-0.889154851436615,-0.999219536781311,-0.9999729990959167,-0.7914939522743225,,1.0
-0.8507260084152222,-1.0,-0.9133806824684143,-0.9999710321426392,0.9998363852500916,0.9999968409538269,-0.7104429006576538,0.9997344017028809,-0.9987720847129822,-0.960938572883606,,1.0
1.0,1.0,-0.9999980330467224,-0.9999971985816956,-0.9858672618865967,-0.9949988722801208,0.967040479183197,-0.988621711730957,-0.7052192091941833,0.9999600052833557,,1.0
0.9999880194664001,-1.0,-0.998241662979126,-0.999983012676239,0.9999855756759644,-0.9904283285140991,-0.8291590809822083,1.0,-0.9980975389480591,-0.5214705467224121,,1.0
0.999998152256012,-1.0,0.7308655977249146,0.7836506366729736,0.9999810457229614,0.9999983906745911,-0.8127892017364502,1.0,0.7588633894920349,0.6196202039718628,,1.0
0.9999994039535522,1.0,-1.0,-1.0,-1.0,-0.9948602914810181,0.9947203993797302,0.9489704370498657,-0.9922834634780884,0.9999800324440002,,1.0
-0.9999252557754517,-0.999483048915863,0.4630528390407562,-0.20153969526290894,0.7218447923660278,-1.0,-0.8246073126792908,-1.0,0.9064870476722717,-0.7318961024284363,,1.0
1.0,1.0,1.0,1.0,-0.9999033808708191,-0.9463385343551636,0.6427289843559265,-0.9948319792747498,1.0,0.9862625002861023,,1.0
-0.8996278047561646,0.9998131394386292,-0.9999996423721313,-0.999987781047821,1.0,-1.0,-0.9999934434890747,-1.0,0.9999990463256836,-0.9942173361778259,,1.0
-1.0,-1.0,-1.0,0.07809685170650482,1.0,-0.8069731593132019,-0.9999998807907104,0.9827653765678406,-0.9999997615814209,-0.9998652935028076,,1.0
-0.9999078512191772,0.8210419416427612,0.9982452392578125,-1.0,-0.6464504599571228,-0.9980993270874023,0.35574236512184143,0.9999995231628418,0.26036328077316284,-0.7069504261016846,,1.0
0.9999114871025085,1.0,0.8878781795501709,-0.9983347058296204,-0.9951338171958923,0.9921325445175171,0.9287188649177551,-0.9999815821647644,0.7902567386627197,0.9999319314956665,,1.0
0.9951695799827576,-1.0,-0.9999865889549255,-0.9556575417518616,0.9999970197677612,0.4641711115837097,0.12128245085477829,1.0,-0.9995248913764954,-0.6343808174133301,,1.0
0.8502812385559082,-1.0,-0.9999991655349731,-0.999995768070221,1.0,-0.9999985098838806,-0.9427851438522339,-0.9989399313926697,-0.9999815821647644,0.9860734343528748,,1.0
0.9864073991775513,-0.9999932646751404,0.9998069405555725,-0.9999948740005493,0.9999717473983765,-0.9999827146530151,0.642872154712677,0.757084310054779,-0.9355199337005615,0.37655511498451233,,1.0
-0.15588001906871796,-1.0,-0.9999997019767761,-1.0,1.0,0.9979778528213501,-0.8905215859413147,-0.998497724533081,-0.9998078942298889,0.5252527594566345,,1.0
-0.9997422099113464,0.9998603463172913,0.9978086352348328,-1.0,-0.9999977946281433,-0.9997696280479431,0.8304455876350403,0.999968409538269,-0.8572959303855896,0.9335415959358215,,1.0
0.9950255751609802,-0.9999943971633911,-0.9973362684249878,-1.0,1.0,0.9994245767593384,-0.5589877367019653,1.0,-0.6610920429229736,0.9886322021484375,,1.0
-0.6836199760437012,-1.0,0.6775714159011841,-0.996206521987915,-0.04756053537130356,0.9998756051063538,-0.9513526558876038,0.9999793171882629,-0.5190866589546204,0.6062720417976379,,1.0
1.0,0.9999997019767761,0.9999995231628418,1.0,1.0,0.9994630813598633,-0.0742279440164566,0.8321279883384705,1.0,0.9839861392974854,,1.0
0.5327519178390503,-0.986703634262085,-0.9999980926513672,-0.7597255110740662,1.0,0.8047369718551636,0.541089653968811,1.0,-0.4134109914302826,0.267485648393631,,1.0
-1.0,0.17370672523975372,0.9828461408615112,-1.0,-0.9998818039894104,-1.0,-0.664599597454071,-0.9999926090240479,-0.999671995639801,-0.4281909465789795,,1.0
-0.9997524619102478,-1.0,-0.9640008211135864,-0.9999886751174927,-1.0,-0.5486875772476196,-0.9716941714286804,0.9979605674743652,-0.9990517497062683,-0.9878299832344055,,1.0
-0.8049023747444153,-0.9999961853027344,0.20735019445419312,0.4124927222728729,-0.9973345398902893,-0.8267738223075867,0.3538380563259125,0.9999996423721313,-0.9869526028633118,-0.8344388008117676,,1.0
0.9696109294891357,0.8018602728843689,-0.981397807598114,0.923435628414154,0.9604781270027161,1.0,0.8044323325157166,-0.9999990463256836,-0.9713842272758484,0.36295825242996216,,1.0
-0.47809475660324097,1.0,0.0020283134654164314,-1.0,-0.9964830279350281,0.9951717853546143,0.9175006747245789,0.99979168176651,0.9851782917976379,0.5411502122879028,,1.0
0.9999828934669495,1.0,0.9981141090393066,1.0,0.999994158744812,0.9897835850715637,0.9458039402961731,0.9997583627700806,0.9999969005584717,0.9082491993904114,,1.0
-0.9997003674507141,-0.9999071955680847,-0.9998041391372681,-0.9999987483024597,0.9999545812606812,-1.0,-0.9906363487243652,-0.9580640196800232,-0.9200940132141113,-0.9937663674354553,,1.0
-0.9998507499694824,-0.9999929070472717,0.7199987173080444,-1.0,0.8780031204223633,-0.9999914765357971,-0.8774490356445312,0.9999873638153076,-0.9985499978065491,-0.9847492575645447,,1.0
-0.9998485445976257,-0.9994617104530334,-1.0,-0.9999917149543762,1.0,1.0,-0.9780769348144531,0.9842438101768494,0.19749881327152252,-0.9730168581008911,,1.0
-0.9892832636833191,-1.0,-0.9065566062927246,-0.9954680800437927,-1.0,0.9576733708381653,-0.5695295333862305,0.4196004569530487,-0.974041759967804,0.3801356852054596,,1.0
-0.9992501139640808,0.9539233446121216,1.0,0.575340986251831,-0.9999991655349731,-0.9537764191627502,0.8489733934402466,-1.0,-0.9846997261047363,-0.9541800618171692,,1.0
0.9477837681770325,-0.9994634389877319,-0.9999997019767761,-0.9970768094062805,-0.9970731139183044,0.9998013377189636,0.052133772522211075,-1.0,-0.9901247024536133,-0.4902030825614929,,1.0
-0.99998939037323,-1.0,-0.1675763726234436,-1.0,-0.9531684517860413,-0.36297327280044556,-0.9995321035385132,-0.993663489818573,-0.9997484087944031,-0.9998413920402527,,1.0
0.9950777292251587,1.0,0.9954956769943237,-0.9995549321174622,-0.999995768070221,0.9997519850730896,-0.521432101726532,-0.9765406847000122,0.9948821663856506,0.766601026058197,,1.0
0.9266184568405151,0.9994192719459534,-0.9866623282432556,1.0,0.9999997019767761,-0.9997866153717041,-0.4290333688259125,1.0,1.0,-0.9153833389282227,,1.0
-1.0,0.974748969078064,0.9977467656135559,1.0,-1.0,0.9999978542327881,0.5258627533912659,-0.9999996423721313,-0.9885033369064331,-0.9484939575195312,,1.0
-0.5120688080787659,0.9983149766921997,-0.6326237916946411,0.9656261205673218,0.9905169010162354,-0.9801583886146545,-0.07179191708564758,-0.6174448132514954,0.9927352070808411,-0.8472877144813538,,1.0
-0.9997766613960266,-0.7498956918716431,0.9998730421066284,0.9978560209274292,-1.0,-1.0,0.8692270517349243,-1.0,-0.9990307688713074,-0.5058615207672119,,1.0
-0.8028128743171692,-1.0,0.9993937611579895,0.9999552369117737,-1.0,-1.0,0.28160661458969116,-1.0,-0.9953309893608093,-0.9899606108665466,,1.0
-0.9999427795410156,1.0,0.999993085861206,-0.8674708604812622,-1.0,-0.8472809791564941,0.9706510305404663,-1.0,-0.008751988410949707,0.5109022259712219,,1.0
0.9831408858299255,-0.9999992251396179,-0.9999989867210388,0.999999463558197,0.9999991655349731,-1.0,-0.6110619902610779,-0.9992796778678894,-0.9984883069992065,0.20979155600070953,,1.0
0.9633752107620239,0.9993113279342651,0.9813932180404663,0.9999982118606567,0.9628338813781738,0.40147972106933594,0.9069307446479797,-0.17529694736003876,-0.030326135456562042,0.9460408687591553,,1.0
-0.8486246466636658,-0.7857441902160645,-0.9994917511940002,1.0,-1.0,0.9999960064888,-0.810515284538269,-0.9961905479431152,0.2855565547943115,-0.7749025225639343,,1.0
1.0,0.9999995231628418,0.9978381395339966,1.0,-0.9976838231086731,0.9194583296775818,0.9988105893135071,1.0,0.9798009395599365,0.9909766912460327,,1.0
0.9611519575119019,0.9168446660041809,-1.0,0.9996112585067749,1.0,0.999994158744812,-0.4030481278896332,0.9999484419822693,0.6043920516967773,-0.4600730836391449,,1.0
0.9966135025024414,0.9995507001876831,-1.0,0.8865586519241333,0.9999892711639404,1.0,0.05404066666960716,-1.0,0.9580947160720825,0.8811880946159363,,1.0
0.33379217982292175,-1.0,-0.9979839324951172,-0.9489393830299377,0.7693171501159668,-0.9782214164733887,0.09516656398773193,-0.9999878406524658,-0.9987272024154663,-0.7106391191482544,,1.0
-0.9373195171356201,0.9993845820426941,-0.2485933154821396,0.9997850656509399,0.9928287863731384,-0.9994792938232422,0.27868443727493286,-0.6199581623077393,-0.6690097451210022,-0.820414662361145,,1.0
0.9999375939369202,1.0,1.0,1.0,-1.0,0.9826799035072327,0.5410196185112,-0.9998165965080261,0.9994422197341919,0.7917082905769348,,1.0
0.9531412124633789,-1.0,0.9999420642852783,0.983580470085144,-0.603642463684082,-0.9999103546142578,0.8782408833503723,-0.7003503441810608,-0.9984894394874573,-0.44880807399749756,,1.0
-0.6090989112854004,0.9897196888923645,0.47322168946266174,1.0,0.937963604927063,-0.17529843747615814,-0.4751550853252411,-1.0,-0.576440155506134,-0.5175452828407288,,1.0
0.9975928664207458,1.0,-0.99995356798172,-0.9960741400718689,1.0,-1.0,0.8960344791412354,0.9220523834228516,-0.11136753857135773,0.9999094009399414,,1.0
-0.9998140931129456,1.0,-0.9987905621528625,0.9855971336364746,0.9997876882553101,-0.8089080452919006,-0.2265707403421402,1.0,0.9947312474250793,-0.9130261540412903,,1.0
-0.9984933733940125,-0.999980628490448,-0.9885975122451782,1.0,-1.0,1.0,-0.9996434450149536,-0.9995909333229065,0.995424211025238,-0.7168455123901367,,1.0
-0.9999698400497437,0.988019585609436,-1.0,-0.8898810148239136,1.0,-0.6694896817207336,-0.9725907444953918,0.9936213493347168,0.9784020185470581,-0.21914979815483093,,1.0
1.0,0.9974712133407593,-0.9984793663024902,1.0,1.0,-0.9999995231628418,0.696999192237854,-0.9999014735221863,0.9942179322242737,0.9978748559951782,,1.0
-0.9990841150283813,-0.9999992251396179,0.9961495995521545,-0.07249350845813751,-0.9771145582199097,-0.9998957514762878,-0.1990165114402771,0.8489117622375488,-0.4554241895675659,-0.9918311834335327,,1.0
0.9997478723526001,0.9999997019767761,-1.0,-1.0,0.999999463558197,1.0,0.595924437046051,1.0,0.9980437755584717,0.9616469144821167,,1.0
0.9999769330024719,0.9999720454216003,-0.7557985782623291,1.0,0.9999963045120239,-0.4905642867088318,0.37361571192741394,1.0,0.9999912977218628,0.5135363936424255,,1.0
-0.9991043210029602,-0.9944366812705994,-0.9996044039726257,-0.9999083876609802,-0.9998788833618164,0.9024879336357117,-0.10839168727397919,0.9999868273735046,-0.9387158155441284,-0.23247358202934265,,1.0
0.3574621379375458,1.0,1.0,1.0,-0.9999889731407166,0.9999921917915344,0.243352472782135,-0.9996341466903687,0.999518632888794,-0.29677581787109375,,1.0
-0.9968435168266296,0.9887440800666809,-0.9994323253631592,-0.5804486870765686,0.9952832460403442,0.18228600919246674,-0.8295456767082214,-0.9999955892562866,-0.21839255094528198,-0.23587574064731598,,1.0
0.9507932662963867,0.8695929050445557,1.0,1.0,-0.9999881386756897,-1.0,0.9044715762138367,-0.5478872656822205,0.427947998046875,-0.814582109451294,,1.0
0.8506197333335876,-1.0,-1.0,-0.9969062209129333,1.0,0.8343446254730225,-0.9909587502479553,0.999997079372406,0.8642801642417908,-0.9975252151489258,,1.0
-0.9999948143959045,-1.0,0.9996286630630493,0.999999463558197,-0.7295416593551636,-0.9859887957572937,-0.25892454385757446,0.999965488910675,-0.9989071488380432,-0.9431160092353821,,1.0
-1.0,-1.0,-0.14817476272583008,0.9987723231315613,-1.0,1.0,-0.9373900294303894,-1.0,-0.9999417662620544,-0.9479027986526489,,1.0
0.9995033740997314,1.0,-0.9999991655349731,-0.9989607334136963,-1.0,-0.9999025464057922,0.9917729496955872,0.9999980330467224,0.8766514658927917,0.8541595339775085,,1.0
-0.8736743927001953,-0.9989287257194519,0.999611496925354,-0.33180496096611023,-0.9808447360992432,-1.0,0.9699512124061584,0.9950060844421387,-0.9979494214057922,0.44363391399383545,,1.0
-1.0,0.9999979734420776,-0.9995865821838379,-0.9993773698806763,0.9980677366256714,-0.999992311000824,-0.5264668464660645,-0.9999992847442627,0.8807952404022217,0.12353147566318512,,1.0
1.0,0.9998873472213745,-1.0,-1.0,0.9985292553901672,1.0,0.8939082622528076,1.0,0.9858254790306091,0.9230566620826721,,1.0
1.0,0.9993478059768677,1.0,1.0,-0.9815441966056824,-1.0,0.9909011721611023,-0.9996343851089478,0.9909509420394897,0.9637445211410522,,1.0
0.5222575664520264,0.999504804611206,0.6472042798995972,-0.9908982515335083,-1.0,0.9999549984931946,0.4381215274333954,-0.9603703022003174,0.9593769907951355,0.08588043600320816,,1.0
-0.9998318552970886,0.9965396523475647,-0.9995846748352051,0.9993560314178467,0.6967620253562927,-0.9936800003051758,-0.9866673946380615,-0.9999993443489075,0.9477624297142029,0.07970642298460007,,1.0
0.9999958872795105,-0.6445706486701965,-0.40293338894844055,0.8515455722808838,0.9524219632148743,-0.6661250591278076,0.5358923077583313,1.0,0.9996547698974609,-0.06734883785247803,,1.0
-0.9944843053817749,-1.0,0.9538694024085999,-0.9991251826286316,0.9964599013328552,-0.3171691298484802,-0.9962850213050842,-0.9998151659965515,-0.28367745876312256,-0.9971830248832703,,1.0
-0.999996542930603,0.9992853403091431,-0.9999993443489075,0.9867679476737976,0.9999901056289673,0.9811272025108337,-0.9800088405609131,-0.9995768070220947,0.4582984447479248,-0.9759924411773682,,1.0
-0.7323068976402283,0.6457130908966064,1.0,0.1286253035068512,-0.999870240688324,-1.0,0.9953922033309937,0.9823108315467834,-0.9886265397071838,0.8465229868888855,,1.0
0.165420800447464,0.8799843192100525,0.9721200466156006,0.999998927116394,0.9830990433692932,-0.9999980330467224,0.5374215841293335,0.9999807476997375,0.9991617798805237,0.25941208004951477,,1.0
0.6802129149436951,0.9977583885192871,1.0,1.0,-0.9971792697906494,-0.9996712803840637,0.997979462146759,0.9937021136283875,0.9383224248886108,0.19665656983852386,,1.0
-1.0,-0.9999862313270569,-0.9998156428337097,1.0,0.9998868703842163,0.9997403025627136,-0.9999469518661499,-1.0,0.6562942862510681,-0.9998648762702942,,1.0
-0.9999996423721313,1.0,-0.724350094795227,0.3086523413658142,-1.0,0.9965230226516724,0.9986217617988586,-0.999996542930603,-0.999695897102356,0.9709035158157349,,1.0
1.0,-0.9999024271965027,-1.0,0.9998872876167297,1.0,0.8337615728378296,0.6701158285140991,1.0,0.8304559588432312,0.9998790621757507,,1.0
0.4879503548145294,0.9980738162994385,0.9977066516876221,-0.7490518093109131,-0.999647319316864,0.7526402473449707,-0.07188373804092407,0.7938151359558105,0.992060661315918,-0.6560801267623901,,1.0
-0.7011654376983643,-0.9876378774642944,-0.9998918771743774,0.9535685181617737,-1.0,-0.9922487139701843,0.5659828186035156,-0.9999997019767761,-0.999451220035553,0.9966644048690796,,1.0
1.0,1.0,-0.9992203116416931,-0.9983236193656921,0.9956648945808411,-0.9999961256980896,0.9101532101631165,0.4011435806751251,0.9998732209205627,0.896377682685852,,1.0
-0.8714916706085205,-1.0,-1.0,1.0,0.8642799854278564,-0.9999657273292542,-0.3766281008720398,1.0,-0.9999985098838806,-0.851046621799469,,1.0
-0.9999933242797852,0.9838973879814148,0.8998035192489624,-0.999988853931427,0.8617104887962341,-0.9769901037216187,0.22647182643413544,-0.07705800235271454,-0.8010679483413696,0.9086301922798157,,1.0
1.0,1.0,0.27629387378692627,1.0,0.9998186230659485,1.0,0.9930697083473206,-0.4903070032596588,0.8780871033668518,0.9988731145858765,,1.0
-0.9999886751174927,-1.0,-0.9998961687088013,-0.9999567866325378,1.0,0.9999776482582092,-0.978531002998352,-0.9999132752418518,-0.9447246193885803,-0.96863853931427,,1.0
0.991828978061676,-1.0,-0.9999200105667114,0.9999995827674866,1.0,0.7476809024810791,-0.9973065257072449,-1.0,-1.0,-0.463037371635437,,1.0
0.8346364498138428,-0.18458323180675507,-0.9999988079071045,0.7882387042045593,-0.9998862147331238,-0.995191752910614,0.6409422159194946,-0.999999463558197,-0.9969570636749268,-0.4994172155857086,,1.0
-0.9979221224784851,0.9999919533729553,-0.6058183908462524,0.9999117255210876,-1.0,1.0,0.9993011951446533,-1.0,-1.0,0.5677963495254517,,1.0
0.9983209371566772,1.0,0.9999326467514038,-0.8898157477378845,-0.9710487127304077,0.9909054040908813,0.9436461925506592,-0.9503379464149475,0.9999943971633911,0.9619978666305542,,1.0
-0.9998862147331238,-1.0,1.0,0.9611027836799622,-0.751954972743988,-0.9983143210411072,-0.4490838944911957,0.9710934162139893,-0.6104257106781006,-0.9987569451332092,,1.0
0.999941885471344,-0.8529207706451416,-0.9821423888206482,0.999988853931427,1.0,-0.8423969149589539,-0.35488584637641907,-0.9999978542327881,0.930149257183075,0.48876386880874634,,1.0
-0.9983594417572021,1.0,-0.9999861717224121,-0.9999924302101135,-0.999995768070221,0.9688618779182434,0.7199367880821228,0.705743134021759,0.6524951457977295,0.9998140931129456,,1.0
0.19918318092823029,-1.0,-1.0,0.010900572873651981,0.9883546829223633,-0.9994680285453796,-0.9933062195777893,-1.0,0.7004085183143616,-0.9950617551803589,,1.0
0.9994877576828003,1.0,0.9624242782592773,1.0,0.998297393321991,-0.9999942183494568,0.9884647130966187,1.0,0.9999721050262451,0.212752565741539,,1.0
-0.9999991655349731,-0.9997809529304504,0.9845327138900757,-0.999999463558197,1.0,-0.9995654225349426,-0.9286767244338989,0.9989826083183289,-0.9768272042274475,-0.5019837021827698,,1.0
0.999230682849884,-0.9999926686286926,-0.9917163848876953,0.9999955296516418,-0.9250695705413818,0.9999919533729553,-0.8902071118354797,0.9996462464332581,0.99873286485672,0.8436249494552612,,1.0
-0.9999580979347229,-0.9999983310699463,0.9999940991401672,-1.0,-0.9966932535171509,-0.7381492853164673,-0.8894385099411011,-0.9996125102043152,-0.999920129776001,-0.9984506368637085,,1.0
0.7984111905097961,0.979610025882721,-1.0,-0.9999966621398926,1.0,0.4770263731479645,0.3959830701351166,1.0,0.7357973456382751,0.9981105327606201,,1.0
0.9677270650863647,0.999891459941864,0.9999746680259705,0.9775606393814087,-1.0,0.09319449961185455,0.1978195160627365,0.9940897226333618,0.9988387227058411,0.2928627133369446,,1.0
0.9994112253189087,1.0,1.0,0.9999942183494568,-1.0,0.9999974370002747,0.9988164305686951,-0.9999644160270691,-0.31702858209609985,0.9873399138450623,,1.0
1.0,0.9749333262443542,0.9997999668121338,1.0,-1.0,-1.0,0.9909319281578064,1.0,0.9972629547119141,0.9192609786987305,,1.0
-0.9993647336959839,0.8390864729881287,-0.9703096151351929,-1.0,0.9997861981391907,-0.9999788403511047,0.040229711681604385,1.0,0.7775769829750061,-0.45882469415664673,,1.0
0.9999731183052063,-1.0,-0.9988601803779602,0.9999596476554871,1.0,1.0,-0.9968312382698059,-1.0,-1.0,0.29780203104019165,,1.0
0.7026864290237427,-1.0,0.990921139717102,0.9991962909698486,0.9810798168182373,1.0,-0.995823860168457,-1.0,-0.9913119673728943,0.33487534523010254,,1.0
-0.8593341112136841,-0.9999948740005493,0.96163010597229,-0.1656796783208847,0.29243361949920654,-0.44290876388549805,-0.12285685539245605,1.0,0.1068834736943245,-0.5023736953735352,,1.0
0.9998770952224731,-0.9988417029380798,-1.0,0.8199456334114075,-0.7611589431762695,1.0,-0.9787940979003906,-1.0,-0.982553243637085,0.9998782277107239,,1.0
-0.999841034412384,1.0,-0.9092351198196411,0.9996984601020813,0.9998469352722168,-0.9370969533920288,-0.9810771346092224,-0.9999924898147583,0.9994717240333557,-0.9979080557823181,,1.0
0.7312039732933044,-1.0,0.9999650716781616,0.9371902942657471,-0.9999918937683105,0.6088996529579163,-0.1503978818655014,1.0,-0.9870383143424988,0.11185535788536072,,1.0
-0.9999150037765503,-0.9997076988220215,0.910498857498169,-1.0,-0.9997723698616028,0.8594598770141602,-0.12526942789554596,0.9999672770500183,-0.9998783469200134,-0.9926493763923645,,1.0
0.842490017414093,-1.0,-1.0,-1.0,0.9999990463256836,-0.9999911785125732,-0.2838800549507141,-0.595339834690094,-0.9999898076057434,0.7304360866546631,,1.0
0.4884869456291199,1.0,0.9999886751174927,0.9999950528144836,0.961311936378479,-0.999961256980896,0.6735299229621887,1.0,1.0,0.9823480844497681,,1.0
0.9997013807296753,0.9999682307243347,0.9994783401489258,1.0,-1.0,0.5438253879547119,0.8813171982765198,0.7442362308502197,0.43525439500808716,0.888343095779419,,1.0
0.9999526143074036,-0.9999803900718689,-0.9945886135101318,-0.9067814946174622,-0.9228649735450745,0.9999984502792358,0.4085773825645447,1.0,0.9999544024467468,-0.3589964807033539,,1.0
-0.08709938824176788,1.0,-0.8629088401794434,0.9963652491569519,-1.0,1.0,0.18577279150485992,-1.0,0.8740745186805725,-0.5162534713745117,,1.0
-0.8668898940086365,0.9532041549682617,-0.9999522566795349,0.9833376407623291,-1.0,-0.9596893787384033,-0.7906822562217712,-0.8444067239761353,0.9496681094169617,-0.9917823076248169,,1.0
1.0,0.9999875426292419,-0.9997562170028687,1.0,1.0,1.0,0.8302246332168579,-0.9992810487747192,0.7177626490592957,0.9997624158859253,,1.0
0.9996738433837891,-0.9999980330467224,-0.9998753070831299,-0.7614741921424866,0.9999729990959167,-0.9997224807739258,0.7059207558631897,1.0,0.7375710606575012,-0.3973769545555115,,1.0
0.7084885835647583,0.9972578287124634,-0.07974817603826523,0.9967127442359924,0.9940311312675476,1.0,-0.15248078107833862,-0.999994158744812,0.9322061538696289,-0.9768703579902649,,1.0
-0.7395135164260864,-0.9299584627151489,-0.9962535500526428,-0.9923798441886902,-0.09130164980888367,-1.0,-0.2702769339084625,0.9999755024909973,0.1833319216966629,-0.983487606048584,,1.0
1.0,1.0,1.0,1.0,-1.0,0.9999675750732422,0.9986399412155151,0.999881386756897,0.822975218296051,0.9997185468673706,,1.0
0.9260459542274475,0.998620867729187,-0.9999685287475586,1.0,-0.9999343156814575,0.9952503442764282,-0.9898413419723511,-0.9933058619499207,0.8082691431045532,-0.9717155694961548,,1.0
-0.9999852776527405,0.9998990893363953,0.4688975512981415,-0.9999866485595703,0.4455852210521698,-0.888698399066925,-0.3858770430088043,0.9671007990837097,0.991626501083374,-0.9244213104248047,,1.0
-0.9994217753410339,-0.9999929666519165,-0.999778151512146,-0.999958336353302,-0.999797523021698,0.5449193120002747,-0.6984778642654419,-0.8695517778396606,-0.8506534099578857,-0.022773778066039085,,1.0
0.9992035031318665,-1.0,-0.9578816294670105,-0.9895073175430298,-0.9743514657020569,1.0,-0.9995400309562683,0.999634325504303,-0.9998956918716431,-0.41477441787719727,,1.0
1.0,0.08680959045886993,-0.9735125303268433,1.0,1.0,0.9123347997665405,0.5800496339797974,1.0,0.9999640583992004,0.9695029854774475,,1.0
-0.19728532433509827,-1.0,1.0,0.9945029616355896,-0.9679142832756042,-0.9733412861824036,-0.49120065569877625,0.9999838471412659,-0.981696605682373,-0.9672583341598511,,1.0
-0.9943467378616333,1.0,1.0,0.9511412382125854,-1.0,0.9996892213821411,0.9846404790878296,-0.9983837008476257,-0.6054818630218506,0.5837418437004089,,1.0
0.9999833106994629,1.0,1.0,0.9250352382659912,-0.9928116798400879,-0.9989117383956909,0.817075788974762,0.9988085627555847,0.9994828104972839,-0.9090009331703186,,1.0
-0.9989708065986633,-0.8862727880477905,-1.0,0.9742343425750732,1.0,-1.0,-0.9900594353675842,1.0,0.957568347454071,-0.995972752571106,,1.0
0.9999943971633911,1.0,-0.9976820349693298,1.0,-0.9970579743385315,1.0,-0.9655166864395142,-0.9999606013298035,0.9984089136123657,0.9869049191474915,,1.0
0.9999397993087769,-1.0,-0.9940800070762634,0.9211120009422302,-0.9842315912246704,0.314139723777771,-0.6353971362113953,0.9998835325241089,-0.9963621497154236,0.9131495356559753,,1.0
-0.9847437739372253,-0.9999969601631165,-0.9280651807785034,-1.0,-0.966126561164856,-0.25587528944015503,0.05985184386372566,1.0,-0.999487042427063,-0.7986456155776978,,1.0
0.999991238117218,-1.0,-0.9999312162399292,0.5458223223686218,-0.8681660294532776,-0.7125189900398254,0.4448903799057007,-0.9978752136230469,-0.9999992847442627,0.7910305261611938,,1.0
0.9339551329612732,-0.9999659657478333,0.991843044757843,0.9997374415397644,0.96650230884552,-0.9986658692359924,0.6530249714851379,-0.9999796748161316,-0.17152245342731476,-0.5716719627380371,,1.0
-0.9999994039535522,-1.0,-0.959690272808075,-1.0,0.9250176548957825,0.9935652613639832,-0.9941809177398682,-1.0,-0.9996557235717773,-0.9981796741485596,,1.0
0.9973159432411194,0.9763124585151672,-0.9959105849266052,-0.7258135080337524,0.999821662902832,-0.9999952912330627,0.02112961746752262,0.5788823962211609,0.7135060429573059,-0.7712387442588806,,1.0
-0.9996359944343567,-1.0,0.9623910784721375,-0.9998858571052551,-0.7649984955787659,-0.9999883770942688,-0.908569872379303,1.0,0.9558739066123962,-0.9996229410171509,,1.0
-0.890687882900238,0.9999736547470093,-0.9801807999610901,-0.999998927116394,-0.9946362376213074,-0.06883956491947174,0.38454923033714294,0.9720314145088196,0.9980686902999878,-0.870961606502533,,1.0
-0.9999752044677734,0.9992774724960327,-0.999527096748352,0.958170473575592,-0.9999583959579468,-0.8527333736419678,0.9098894596099854,0.9997193813323975,-0.9992397427558899,0.05939984694123268,,1.0
-0.8551777005195618,1.0,0.7371554970741272,-1.0,0.9998176693916321,1.0,0.8207151889801025,-0.9999541640281677,0.9999396800994873,0.9313290119171143,,1.0
0.9999988079071045,-0.9999285340309143,-0.9944437146186829,1.0,-0.9992381930351257,1.0,-0.6652575731277466,-0.9999861121177673,0.709863543510437,0.9659037590026855,,1.0
-0.7087804675102234,-0.9592595100402832,0.24294467270374298,-0.999993085861206,0.9999672770500183,0.9999997615814209,0.5730949640274048,-0.34956756234169006,-0.9999290108680725,0.39447465538978577,,1.0
-0.3061485290527344,-0.9999988675117493,0.9999935030937195,1.0,-1.0,-0.27258503437042236,0.7538270950317383,1.0,0.5467895269393921,-0.3518471121788025,,1.0
0.9874932765960693,0.9999540448188782,-1.0,-0.9997959733009338,1.0,1.0,0.2722753882408142,0.999914824962616,0.9999711513519287,0.956763744354248,,1.0
0.9925426840782166,-0.9999616146087646,-0.9999632835388184,0.9956849217414856,0.9990300536155701,0.8769664168357849,0.6492059230804443,1.0,0.931196391582489,-0.3988404870033264,,1.0
-0.32366055250167847,-0.6530908942222595,0.5113937258720398,-0.9988853931427002,-0.9999980330467224,-0.9252030849456787,-0.10158694535493851,1.0,0.999988853931427,-0.30360013246536255,,1.0
0.9994022250175476,-0.28056269884109497,-1.0,0.5259117484092712,0.9997507333755493,-0.6973243355751038,0.8845283389091492,1.0,-0.8562192916870117,0.6674277782440186,,1.0
1.0,1.0,0.49604976177215576,1.0,1.0,0.9989223480224609,0.8618990182876587,0.9999969005584717,1.0,0.9470576047897339,,1.0
0.9806979298591614,-0.996818482875824,0.9999996423721313,-0.9951006770133972,-0.9999829530715942,-0.999943733215332,0.9780057072639465,-0.8105568289756775,-0.9997636675834656,0.5434494614601135,,1.0
0.9998624920845032,1.0,-0.9994305372238159,0.9999989867210388,-1.0,0.9999775290489197,0.5062460899353027,0.7788217067718506,-0.8392627239227295,0.9995787143707275,,1.0
0.3489263355731964,-0.7856563329696655,-0.9866949319839478,0.7996966242790222,-0.8623247146606445,0.8680949211120605,-0.7593855261802673,0.9999968409538269,0.9998212456703186,-0.6361299753189087,,1.0
0.999983549118042,0.9912710189819336,-0.9999384880065918,-0.9985381960868835,0.9943362474441528,0.999991238117218,0.9324244856834412,1.0,0.9999832510948181,-0.15956705808639526,,1.0
0.20999397337436676,-1.0,-0.011339490301907063,0.9628057479858398,-0.9935754537582397,-0.9999960660934448,0.8906188607215881,0.209471195936203,-0.9999904632568359,-0.1859147846698761,,1.0
1.0,-1.0,0.9978057146072388,-0.9805321097373962,0.9995987415313721,0.9998887777328491,-0.7238356471061707,1.0,-0.6879963874816895,0.7060573697090149,,1.0
-0.0017420070944353938,-0.9999997019767761,-0.9990745782852173,0.9999990463256836,-0.43167591094970703,-0.9998528361320496,-0.9987368583679199,0.998909056186676,0.8696292638778687,-0.999626636505127,,1.0
-0.189682736992836,0.9981287121772766,-0.3385906219482422,-1.0,0.9521172642707825,-0.999969482421875,0.6621490716934204,0.786757230758667,0.5723206996917725,0.7744668126106262,,1.0
0.9488824009895325,1.0,1.0,-0.3788797855377197,-0.9999991059303284,-0.9974960684776306,0.7216750383377075,-1.0,0.9999086856842041,-0.49992117285728455,,1.0
-0.1506575644016266,1.0,-0.6428338885307312,-0.9987573027610779,-0.9999985098838806,0.9998745918273926,0.2891288697719574,1.0,-0.13570091128349304,0.9998138546943665,,1.0
0.9645188450813293,-0.9999977350234985,0.5705049633979797,-1.0,0.9999987483024597,0.996270477771759,-0.02065189741551876,1.0,-0.8605474233627319,0.1151617243885994,,1.0
-0.9999950528144836,-1.0,-0.9968982338905334,-0.9991739988327026,-0.49148494005203247,-1.0,-0.99058598279953,-0.999775767326355,0.16034579277038574,-0.9987861514091492,,1.0
-0.9999936819076538,1.0,0.9776625037193298,-0.9999997615814209,0.9445201754570007,-0.9997792840003967,0.6623851656913757,-0.999898374080658,0.9911446571350098,0.999879002571106,,1.0
-0.9999899864196777,-1.0,-0.999867856502533,1.0,0.9177559018135071,0.16767461597919464,-0.9998233914375305,1.0,-0.8453936576843262,-0.9998593926429749,,1.0
0.9999802112579346,1.0,0.9999960064888,-0.7952379584312439,-1.0,-0.9999950528144836,0.9945621490478516,-0.9999896883964539,0.8675874471664429,0.9908609390258789,,1.0
0.9881294965744019,1.0,0.05422081798315048,1.0,-0.9996272325515747,-0.9996015429496765,0.9892560839653015,-0.9959475994110107,-0.9994719624519348,0.9849777221679688,,1.0
-0.999856173992157,-0.9887680411338806,-0.8736995458602905,-1.0,0.905597448348999,0.785759449005127,-0.21354469656944275,0.999090850353241,-0.9704388976097107,-0.7861330509185791,,1.0
-0.8033081889152527,-0.9955215454101562,0.6524438261985779,0.2288370430469513,-0.7157866954803467,1.0,-0.5514198541641235,0.9959970116615295,0.9999080300331116,-0.9903247356414795,,1.0
0.9999796748161316,0.9949169158935547,-0.9999871253967285,-0.9864687323570251,-0.999998927116394,0.9792669415473938,0.7587464451789856,0.9998263716697693,0.6824503540992737,0.9727076888084412,,1.0
0.8235911726951599,-0.5241223573684692,0.9299203157424927,0.11058447510004044,-0.9999352693557739,-0.9552207589149475,0.4607158899307251,-0.28823378682136536,-0.8306841850280762,0.972693920135498,,1.0
-0.9998270869255066,-1.0,0.880867063999176,0.999688446521759,-1.0,1.0,-0.9983641505241394,-1.0,-0.9839379191398621,0.6580116748809814,,1.0
0.8845642805099487,1.0,-0.995360255241394,-0.9260597825050354,-1.0,-0.999701976776123,0.89888596534729,0.9999852180480957,-0.05161862447857857,0.9994540810585022,,1.0
-0.9757362008094788,-1.0,-0.9998053312301636,0.9999988079071045,-0.9999996423721313,-0.9758908748626709,-0.964125394821167,-1.0,-0.9999986886978149,-0.945015013217926,,1.0
-0.27794671058654785,0.18624064326286316,-0.9998557567596436,-0.9893854856491089,-0.947936475276947,-1.0,0.9374126195907593,-1.0,-0.9999828338623047,0.9097549915313721,,1.0
0.9999977946281433,1.0,0.9998034238815308,1.0,-0.04992610961198807,0.9996635913848877,0.9846504926681519,-0.9999933242797852,0.9996542930603027,0.9586684107780457,,1.0
-0.9874746799468994,-1.0,-0.9994001984596252,0.999991238117218,0.9999479055404663,-0.9937801361083984,-0.9942855834960938,-1.0,-0.999096155166626,-0.9836322665214539,,1.0
0.9931459426879883,-1.0,-0.9999996423721313,-0.536413311958313,0.99915611743927,0.9999881982803345,-0.8364338874816895,1.0,-0.9939432740211487,0.9895453453063965,,1.0
0.9836986660957336,1.0,0.4549421966075897,-1.0,-0.9999879002571106,0.999824047088623,0.9757478833198547,-0.2206188589334488,0.9570393562316895,0.9999712705612183,,1.0
0.9956991076469421,1.0,-0.9998899698257446,0.9998002052307129,0.9987940788269043,1.0,0.4360726475715637,-0.4223405718803406,0.7788265347480774,0.9754275679588318,,1.0
-0.9999048709869385,-0.9999740719795227,-0.9992133378982544,0.24487678706645966,0.8432761430740356,-0.9561691284179688,-0.9694736003875732,0.9999251365661621,0.994914174079895,-0.9932347536087036,,1.0
0.9999122023582458,1.0,-1.0,1.0,1.0,0.94461590051651,-0.29500722885131836,0.9999394416809082,0.9616044163703918,0.37690386176109314,,1.0
0.9926536083221436,1.0,-0.9993613958358765,0.9944459795951843,0.9999998211860657,-0.9999983310699463,-0.3690721392631531,1.0,1.0,0.06659294664859772,,1.0
-1.0,-1.0,-0.9922252297401428,-0.9358353018760681,-1.0,0.9997712969779968,-0.8550808429718018,-0.9937454462051392,-0.997850239276886,-0.9802857041358948,,1.0
0.9778432250022888,-0.8997364044189453,0.6573906540870667,-0.9998629093170166,-0.5341730117797852,0.09813287109136581,-0.3036802411079407,-1.0,0.5224748849868774,-0.8965925574302673,,1.0
1.0,0.9999948740005493,-1.0,-0.9999920129776001,0.9826265573501587,-0.9999973773956299,0.9959671497344971,0.42661750316619873,-0.8981149196624756,0.9988728165626526,,1.0
0.9943385124206543,-0.8134059906005859,0.9999561905860901,-0.3288132846355438,0.9999963641166687,-0.9999980330467224,-0.4839753210544586,-1.0,0.8355302214622498,0.9962257742881775,,1.0
-1.0,-0.9999971389770508,0.9962552189826965,-0.9889757037162781,-1.0,0.9935083389282227,-0.8557021617889404,0.13699032366275787,-0.9746851921081543,-0.9996756911277771,,1.0
0.42237478494644165,-0.9999934434890747,-0.9906829595565796,-0.9999070167541504,0.9985005855560303,-1.0,0.19842945039272308,1.0,0.06035776436328888,-0.9563448429107666,,1.0
-0.8971453905105591,-1.0,-0.9973491430282593,1.0,-1.0,0.988953709602356,-0.8987780809402466,0.9796320199966431,-0.7595540881156921,0.3633289933204651,,1.0
0.9999996423721313,0.7634474039077759,-0.9999983310699463,0.047845419496297836,1.0,0.9997630715370178,0.9336175918579102,-0.9994450807571411,-0.9526009559631348,0.9937784075737,,1.0
0.01972237601876259,-1.0,-0.9811831712722778,-1.0,-0.9999786019325256,-0.5787118673324585,-0.5657955408096313,1.0,-0.9999865889549255,0.7891906499862671,,1.0
-0.9999005794525146,-1.0,-0.9371541738510132,-0.9996817111968994,-1.0,-0.9992890357971191,-0.8920696377754211,-1.0,-0.999616265296936,-0.9993137717247009,,1.0
-0.9975072145462036,-1.0,-0.22893422842025757,-0.8636220693588257,-1.0,-0.8185892701148987,-0.7197325825691223,-0.9843276143074036,0.12499625980854034,-0.9619954228401184,,1.0
1.0,1.0,-1.0,1.0,1.0,-0.9672761559486389,0.9957898259162903,1.0,-0.996665358543396,0.92323237657547,,1.0
0.9998947978019714,0.9997723698616028,0.9981116056442261,0.996663510799408,-0.9824212789535522,0.9998000264167786,0.8361677527427673,-1.0,-0.9838254451751709,0.9946790337562561,,1.0
-0.11022107303142548,-0.868370532989502,-0.9999951124191284,-0.9835706353187561,-0.7570213675498962,0.9999184012413025,0.12617622315883636,-0.9999887347221375,-0.18228259682655334,-0.8494818210601807,,1.0
-0.9056735038757324,0.9999051690101624,0.937799334526062,-1.0,-0.846327006816864,0.8342170715332031,0.4703868627548218,0.986124575138092,0.6865195035934448,-0.5939648151397705,,1.0
0.9957165122032166,-0.9998537302017212,0.9793702960014343,0.9846379160881042,-0.9996666312217712,-1.0,0.9858123660087585,1.0,-0.9999318718910217,-0.5438485741615295,,1.0
0.8818094730377197,0.9988091588020325,0.5366863012313843,0.9962588548660278,-0.9999657869338989,0.9999921917915344,-0.2797861397266388,-1.0,-0.5632041692733765,0.9291805624961853,,1.0
0.9992451071739197,0.9999990463256836,-0.848178505897522,0.999704897403717,-1.0,-0.9999997019767761,0.9904149174690247,-0.9010842442512512,0.5001864433288574,0.9953988194465637,,1.0
0.9999328255653381,1.0,-0.3719423711299896,-0.9999996423721313,-0.6875947117805481,0.9651170969009399,0.9940096735954285,0.9697335958480835,-0.9873338341712952,0.9793269634246826,,1.0
0.9999987483024597,-1.0,0.4348522126674652,-0.9649736285209656,1.0,-1.0,0.3747156262397766,1.0,-0.9989867210388184,0.8215411901473999,,1.0
-0.9999989867210388,1.0,1.0,0.9999996423721313,-1.0,0.9802479147911072,0.8862553238868713,-1.0,-0.05248497053980827,-0.8175407648086548,,1.0
0.9626721143722534,1.0,0.9997630715370178,-1.0,-0.9999971389770508,0.9904724359512329,0.9757928848266602,1.0,0.15098607540130615,0.9916022419929504,,1.0
-0.9996984601020813,0.9999549984931946,0.9999637007713318,0.9951819181442261,-0.8092970252037048,-0.999965488910675,0.3962379992008209,0.8790061473846436,0.9997055530548096,-0.9289116859436035,,1.0
0.9382731914520264,0.9999988079071045,-0.9947651028633118,1.0,-0.15516477823257446,-1.0,-0.5452210307121277,0.5186684727668762,0.9934437870979309,-0.358670175075531,,1.0
0.08633628487586975,-1.0,-0.7931926846504211,0.9998455047607422,-0.99713534116745,-0.9996933341026306,-0.33334237337112427,-0.9998829960823059,-0.9999977350234985,-0.9815810322761536,,1.0
-0.9980032444000244,-1.0,0.721219003200531,0.9982258081436157,0.9999765157699585,-0.7919575572013855,-0.97093266248703,-0.9694581627845764,-0.9991146922111511,-0.9941586852073669,,1.0
0.9999539852142334,1.0,1.0,1.0,-1.0,0.9999967217445374,0.8852264285087585,1.0,0.9969995021820068,0.8463963270187378,,1.0
-0.999596893787384,0.9999996423721313,0.9999969601631165,0.35774311423301697,-0.9999996423721313,0.45460429787635803,0.9025152325630188,0.9999952912330627,-0.5062045454978943,-0.5014604330062866,,1.0
-0.9336258769035339,0.9029629230499268,-1.0,-0.8651257753372192,0.9996552467346191,-1.0,-0.9903036952018738,0.9945168495178223,0.9245479702949524,-0.9854150414466858,,1.0
-0.5821285843849182,0.9999997019767761,-0.9993565082550049,1.0,-1.0,0.9952927827835083,0.9667705297470093,-0.9999983310699463,-0.9944755434989929,-0.5443816781044006,,1.0
-0.9336753487586975,0.7914610505104065,-0.996562659740448,-0.9988141059875488,-0.9298710227012634,-0.999993085861206,0.9351094365119934,-0.4950973689556122,-0.9994346499443054,0.6799201965332031,,1.0
-1.0,-0.9739518761634827,-0.9997008442878723,-0.9996607303619385,0.9999987483024597,-0.9951610565185547,-0.9557175040245056,0.9459195733070374,-0.6153415441513062,-0.843980610370636,,1.0
0.8936138153076172,0.9999980330467224,-0.480945885181427,0.9765443205833435,-0.9984691739082336,1.0,-0.9601728320121765,0.9994726777076721,0.9999968409538269,0.8716927170753479,,1.0
-1.0,-0.6505204439163208,0.6620556116104126,-0.999992847442627,-0.78212571144104,-1.0,-0.6252148151397705,-0.9983033537864685,-0.03957260772585869,0.8843114972114563,,1.0
0.9836752414703369,-0.9867695569992065,-0.9999954700469971,-1.0,1.0,0.9995269775390625,-0.17592233419418335,0.9987751245498657,-0.3531971871852875,0.7534231543540955,,1.0
0.8177026510238647,0.9890643954277039,-0.9343873262405396,-0.9992645382881165,0.9980977177619934,-0.9543126225471497,0.7816081047058105,0.8364341259002686,0.9950913786888123,-0.24535790085792542,,1.0
0.9996348023414612,-1.0,-1.0,0.9231084585189819,0.9999958872795105,0.9047695994377136,-0.9963515400886536,-0.9989019632339478,-1.0,0.8534111380577087,,1.0
-0.9999246597290039,1.0,-0.9884791374206543,0.9999383687973022,-1.0,-0.9925599098205566,-0.9040922522544861,0.9707484245300293,0.9996529221534729,-0.960110604763031,,1.0
0.9999996423721313,-0.9555997252464294,-0.3775080740451813,0.9999967217445374,0.9998304843902588,1.0,0.817563533782959,-1.0,-0.8824633955955505,-0.7617658972740173,,1.0
0.785742998123169,-1.0,0.9999624490737915,0.9730972051620483,0.9998141527175903,0.9970650672912598,0.7896630167961121,1.0,-0.9494230151176453,-0.3851301372051239,,1.0
1.0,1.0,0.9998821020126343,1.0,-0.9481297731399536,0.7395309209823608,0.998385488986969,0.9962238073348999,-0.04272077605128288,0.9999966025352478,,1.0
0.964240550994873,-0.6291272640228271,-0.9995469450950623,0.9999688267707825,1.0,0.994586169719696,-0.37237367033958435,0.9999986290931702,0.9842647910118103,0.9885641932487488,,1.0
-0.9999956488609314,-0.9926830530166626,-0.431705117225647,-0.999966561794281,-0.9812113642692566,-1.0,0.2544160485267639,-1.0,-0.994720458984375,0.9513195753097534,,1.0
-0.99942946434021,-1.0,-0.9999985098838806,-0.9054319858551025,1.0,-0.9647403359413147,-0.9985206127166748,-0.9568645358085632,-0.991847574710846,-0.9369539618492126,,1.0
-0.999392032623291,-0.9999935626983643,-0.9952493906021118,-1.0,0.9999967813491821,0.9749740958213806,-0.9337326884269714,-0.773129940032959,0.4790787398815155,-0.9095302820205688,,1.0
0.9998812079429626,-0.9012511372566223,-0.9986529350280762,-1.0,0.9999977946281433,0.9999764561653137,-0.20440062880516052,1.0,0.9543410539627075,0.9906622767448425,,1.0
-0.9999380707740784,0.999630331993103,0.7471393346786499,-1.0,-1.0,-0.9547228217124939,0.799429178237915,-0.9988722205162048,-0.9140280485153198,-0.9792739748954773,,1.0
-0.39949148893356323,-1.0,-0.9999986290931702,-0.9999995827674866,0.754362165927887,1.0,-0.9819654226303101,-0.9999749660491943,-0.9999523162841797,-0.5918362140655518,,1.0
0.9999990463256836,1.0,-0.7689033150672913,0.9545455574989319,0.9952277541160583,-0.9986273050308228,0.731528639793396,0.9989252686500549,0.9974890351295471,0.9993281364440918,,1.0
-0.9993824362754822,-0.9995743632316589,-1.0,1.0,0.9999077320098877,-0.9999452829360962,-0.9900102615356445,-0.9999803900718689,-0.9171004295349121,-0.9665021300315857,,1.0
-0.9547222256660461,1.0,0.936987042427063,0.9999986886978149,-0.9967814683914185,-1.0,0.78994220495224,0.9999588131904602,0.9764280915260315,-0.2123994380235672,,1.0
-0.9964172840118408,-1.0,-1.0,-0.9911805391311646,1.0,-1.0,-0.9999917149543762,0.27569615840911865,-0.9998641610145569,-0.878659725189209,,1.0
-0.24443300068378448,0.9965898990631104,-0.697422981262207,-1.0,1.0,-0.9997557997703552,-0.5648883581161499,0.9999105334281921,0.25105804204940796,-0.8710509538650513,,1.0
-1.0,-1.0,0.7781065702438354,0.9986826777458191,-0.9983904361724854,1.0,-0.9965326189994812,0.9999995827674866,-0.9871424436569214,-0.9998137354850769,,1.0
0.9999974370002747,-1.0,-0.9999986290931702,0.9997071623802185,-0.999941885471344,-0.9766611456871033,-0.9442569613456726,-1.0,-1.0,-0.6135979890823364,,1.0
0.7426214814186096,-1.0,-0.9938181042671204,0.9999973177909851,1.0,-0.9629437327384949,-0.6903079152107239,-0.9678647518157959,-0.9999979734420776,0.753014862537384,,1.0
-0.885216474533081,1.0,-1.0,-1.0,1.0,-0.9685478210449219,0.667293131351471,0.9999986886978149,0.9999944567680359,0.9736759662628174,,1.0
0.9941027760505676,-0.9997888803482056,0.997816264629364,-0.9999948143959045,-0.9473086595535278,-0.4806092381477356,-0.6784352660179138,-1.0,-0.7759027481079102,-0.36823561787605286,,1.0
1.0,1.0,-0.997062623500824,1.0,1.0,-1.0,0.9972960948944092,-0.9998115301132202,-0.9694494009017944,0.9999910593032837,,1.0
0.9996009469032288,-0.4488939940929413,-0.9999831914901733,1.0,-0.7511386275291443,-0.9920387864112854,0.23058770596981049,-0.9999985098838806,-0.9793753027915955,0.3662106990814209,,1.0
0.8418247699737549,-0.9980513453483582,0.999823272228241,-0.5633538365364075,-0.9999994039535522,1.0,-0.8498319387435913,0.34310588240623474,-0.9520003795623779,0.8784501552581787,,1.0
-0.8466171622276306,-0.999988853931427,-0.9939103126525879,-0.9978324174880981,-0.9998950362205505,-0.9582152366638184,-0.26563507318496704,-0.9999995231628418,-0.9866706728935242,0.6521899104118347,,1.0
-0.6930310726165771,-0.3354628086090088,-0.6606454849243164,-0.9747529625892639,-1.0,-0.8621134757995605,-0.9269810914993286,-1.0,0.6498531699180603,-0.9729968905448914,,1.0
-0.983613908290863,1.0,1.0,-0.9982736706733704,-0.9999961256980896,0.08540554344654083,0.9649919867515564,-0.9990485906600952,0.9999741911888123,0.9999996423721313,,1.0
0.999999463558197,-1.0,0.9611517786979675,0.9998572468757629,0.9027929306030273,-0.9908303618431091,0.9013325572013855,-1.0,-0.9999755620956421,0.8239022493362427,,1.0
-0.885326623916626,-1.0,0.9176015853881836,1.0,-0.9916212558746338,-0.9997289776802063,-0.9040253758430481,1.0,-0.9997551441192627,-0.42816346883773804,,1.0
0.9700309634208679,1.0,1.0,0.9911447167396545,-1.0,1.0,0.8599733710289001,0.8895673751831055,0.9308404922485352,-0.18027493357658386,,1.0
-0.9725885987281799,-1.0,-0.9997309446334839,-0.999967634677887,-0.9997451305389404,-0.999997079372406,-0.9487574696540833,-0.9927229881286621,-0.9992073774337769,-0.9966961741447449,,1.0
-0.7939814925193787,0.8609951734542847,-0.9999980926513672,-0.9999247193336487,-1.0,0.9982748031616211,0.8356662392616272,-1.0,-0.9928442239761353,0.918163537979126,,1.0
0.9728177189826965,1.0,-0.9998667240142822,-1.0,0.981741189956665,1.0,0.9974971413612366,-0.9999857544898987,0.2188609540462494,1.0,,1.0
0.9999994039535522,1.0,-0.9453325271606445,0.9997951984405518,0.9999869465827942,-0.9973710179328918,0.968230664730072,0.260483980178833,0.9999936819076538,0.8807023167610168,,1.0
-0.9959391355514526,-1.0,-1.0,0.9998030662536621,0.6343674063682556,0.9274322986602783,-0.1736188530921936,-1.0,-0.9999604821205139,0.7312660813331604,,1.0
0.9860041737556458,0.7980905175209045,-0.9996131658554077,0.9409170150756836,1.0,0.9103962182998657,0.6288103461265564,-0.9995666742324829,0.9737110137939453,-0.5718172788619995,,1.0
-0.5319767594337463,0.997206449508667,0.6074919700622559,1.0,1.0,1.0,-0.13278037309646606,0.9999993443489075,0.9997024536132812,-0.9557833671569824,,1.0
-0.7557029724121094,-1.0,0.9957478046417236,-1.0,-0.9639719724655151,-0.9972414970397949,-0.08534441888332367,1.0,-0.9969781637191772,-0.9733001589775085,,1.0
-0.43290960788726807,-0.9999265074729919,0.9999212622642517,1.0,-0.9973657131195068,-1.0,0.9918420314788818,0.9999269247055054,-0.9804108142852783,-0.17582356929779053,,1.0
0.9852076768875122,-1.0,-1.0,0.9999100565910339,-0.9719940423965454,0.9999936819076538,-0.7994881272315979,-0.013421794399619102,-0.9952911734580994,-0.6904393434524536,,1.0
-0.966633677482605,0.9999967813491821,0.9667908549308777,0.6591977477073669,-0.9999884366989136,0.9999966621398926,-0.9765196442604065,-0.9994380474090576,0.9965379238128662,-0.5594092011451721,,1.0
0.9984037280082703,-0.8661500215530396,0.9146190285682678,-1.0,0.9782390594482422,-1.0,0.3224676549434662,-1.0,0.09438157826662064,0.8175329566001892,,1.0
1.0,1.0,0.9506351351737976,1.0,-1.0,0.9978556632995605,0.9995483756065369,1.0,0.999965250492096,0.9999906420707703,,1.0
-0.675685703754425,-1.0,0.9990468621253967,0.9725627899169922,-0.9999803900718689,0.9994180798530579,-0.822585940361023,-1.0,-0.6884396076202393,-0.6184567213058472,,1.0
0.2189611941576004,-1.0,0.9620058536529541,-0.9999949932098389,-0.9117673635482788,0.995962917804718,-0.9957804083824158,1.0,-0.9998968243598938,-0.9678232669830322,,1.0
-0.9999983310699463,1.0,0.999996542930603,-1.0,-0.9996910691261292,-0.9991753697395325,0.18050672113895416,0.9833962321281433,0.8689677715301514,0.9996845722198486,,1.0
-0.9999241828918457,-1.0,-0.9987676739692688,1.0,-1.0,1.0,-0.9997895956039429,1.0,0.9479621648788452,0.9489407539367676,,1.0
0.5266698002815247,-1.0,0.9695464968681335,1.0,-0.9954679012298584,0.9995176792144775,-0.22833429276943207,-1.0,0.13936448097229004,-0.6510048508644104,,1.0
0.6208165287971497,-0.9997063279151917,-0.9999969601631165,0.9999752640724182,0.1576511710882187,0.9299015402793884,-0.9079748392105103,0.3903350532054901,-0.021969379857182503,0.6545457243919373,,1.0
-0.9999951124191284,-1.0,1.0,-0.42838290333747864,-0.9999995827674866,-1.0,-0.585765540599823,0.8771940469741821,-0.9615251421928406,-0.9995684623718262,,1.0
0.9999964237213135,1.0,1.0,1.0,-0.9999997019767761,0.9999971389770508,0.8795037865638733,0.6610283851623535,0.9999990463256836,0.9970002770423889,,1.0
-0.9415537118911743,1.0,-0.9360640645027161,-0.9999949336051941,0.7427862286567688,-0.9996828436851501,0.8773468732833862,-0.9925715327262878,0.6000301837921143,0.6050564646720886,,1.0
0.9999931454658508,1.0,-0.9999975562095642,-0.9999993443489075,1.0,0.9999997019767761,0.4562016427516937,0.916570246219635,0.8942408561706543,0.9999995231628418,,1.0
-1.0,1.0,0.9944999814033508,-1.0,-1.0,-1.0,0.3113313615322113,-0.9905571341514587,-0.5859553813934326,0.13943538069725037,,1.0
-0.9999988079071045,-1.0,-0.9983524680137634,-1.0,0.9990517497062683,0.2472822666168213,-0.9447647333145142,1.0,-0.949321985244751,-0.8161335587501526,,1.0
0.9999004006385803,-1.0,-1.0,-0.9999982714653015,1.0,0.9997542500495911,0.04016708582639694,-0.9980483651161194,-0.9999809265136719,0.5958431959152222,,1.0
-0.9223105311393738,-0.9999333024024963,-0.999998927116394,-0.9996898770332336,1.0,0.9741566181182861,-0.9468035697937012,-0.9998499155044556,-0.284894198179245,-0.8925330638885498,,1.0
-0.9997904300689697,0.9999973177909851,-0.9995441436767578,-1.0,0.999998927116394,-0.9958413243293762,-0.5477075576782227,1.0,0.997904896736145,-0.49311140179634094,,1.0
0.9968869686126709,-1.0,0.22837300598621368,0.9898599982261658,0.999725341796875,0.9998921751976013,-0.49913471937179565,-0.6117256283760071,-0.8234257698059082,-0.7906516790390015,,1.0
-0.99919593334198,-1.0,-0.9999990463256836,-0.9987552762031555,-0.9963685870170593,1.0,-0.9932140111923218,0.9999995231628418,0.951082170009613,0.8700358271598816,,1.0
0.9999990463256836,1.0,0.7662972807884216,1.0,0.9999068379402161,-0.9999524354934692,0.9627341628074646,-0.9749541282653809,0.9971139430999756,0.9374303221702576,,1.0
0.2754359543323517,0.9962538480758667,1.0,-0.31615322828292847,-0.9999998211860657,0.9988095164299011,-0.9061259627342224,-1.0,0.5281923413276672,-0.6930213570594788,,1.0
0.9244057536125183,-1.0,0.9999997019767761,0.9953233003616333,-0.8571813106536865,0.9916698932647705,-0.6585898399353027,1.0,0.9999911785125732,-0.9034523963928223,,1.0
0.9997295141220093,-1.0,0.9844810962677002,-0.9991785287857056,0.9999688267707825,-1.0,0.3957676589488983,0.8696300387382507,-0.9997727870941162,-0.22691167891025543,,1.0
-0.9994919896125793,1.0,1.0,-0.9999996423721313,-1.0,-0.9665402173995972,0.6940938234329224,-0.999961256980896,0.9998645186424255,0.9568284153938293,,1.0
-0.9938952326774597,-0.9999368786811829,0.8352939486503601,0.9939515590667725,-0.9999995231628418,-0.9999909400939941,-0.7154730558395386,0.8165668845176697,0.04721172899007797,-0.9941422343254089,,1.0
1.0,1.0,0.9999979734420776,0.9999569058418274,-1.0,-0.9999588131904602,0.9993715286254883,-0.9388806819915771,-0.7218773365020752,0.999040424823761,,1.0
-0.9998968243598938,-0.6954016089439392,-0.8908773064613342,0.646857500076294,0.5413665771484375,-1.0,0.8444898128509521,-1.0,-0.9999996423721313,0.9934341311454773,,1.0
-0.4614904820919037,0.9958901405334473,0.9821627736091614,-0.9999933242797852,-0.5019883513450623,0.9958711266517639,-0.12245053052902222,0.9995065331459045,0.9997678399085999,-0.9431101083755493,,1.0
0.9827026128768921,-0.9967311024665833,-0.9996428489685059,0.9978027939796448,0.7422314286231995,0.9943552017211914,-0.9003539681434631,-0.9992520809173584,0.4129198491573334,-0.3620259165763855,,1.0
0.9986764192581177,1.0,0.9999417066574097,0.9887011647224426,-0.999999463558197,0.9968299269676208,0.9507899284362793,-1.0,-0.9423672556877136,0.9817427396774292,,1.0
-0.990382730960846,1.0,-0.9999849796295166,-0.990683376789093,0.9923171401023865,-1.0,0.17694240808486938,-0.9358300566673279,0.9666498899459839,0.9011945724487305,,1.0
-1.0,-0.1587919145822525,-0.9971987009048462,-1.0,-1.0,-0.8743175864219666,-0.665693998336792,-0.9999868273735046,-0.20244885981082916,-0.11541575938463211,,1.0
0.14104756712913513,0.999977707862854,0.9226678609848022,-0.9997591972351074,-1.0,0.34068647027015686,0.7517231106758118,0.999765932559967,0.5372992157936096,-0.7697905898094177,,1.0
0.999907910823822,0.9999995231628418,-1.0,-1.0,1.0,-0.9994927644729614,0.8913003206253052,1.0,0.9981979131698608,0.989555299282074,,1.0
0.9901372194290161,-0.9557920694351196,-0.99998939037323,1.0,-0.22845469415187836,0.9917784929275513,0.9413490891456604,1.0,-0.9911484122276306,-0.4398316740989685,,1.0
0.9908818602561951,-1.0,1.0,1.0,0.999998152256012,-0.9851353168487549,-0.6534032225608826,0.7539314031600952,0.953218936920166,0.34998390078544617,,1.0
-0.9999986290931702,-0.9999990463256836,0.40666064620018005,1.0,-1.0,0.999997079372406,-0.9668564200401306,0.9999022483825684,0.878829836845398,-0.7377511858940125,,1.0
-0.6293274164199829,-0.9999988079071045,-0.9997320175170898,-0.6397796869277954,0.9995846748352051,-0.997814416885376,-0.834105372428894,1.0,0.6024467349052429,-0.9892432689666748,,1.0
0.9999821782112122,1.0,-0.9821782112121582,0.6568763256072998,-0.9971282482147217,0.9932874441146851,0.9492154121398926,1.0,0.9997820854187012,0.94966721534729,,1.0
-0.9994720816612244,1.0,0.9999978542327881,-0.9734978079795837,-1.0,-0.999586820602417,0.9408367276191711,-0.9999906420707703,0.9225577116012573,0.9539473056793213,,1.0
0.9999948740005493,-1.0,0.9999958276748657,1.0,-0.9999850988388062,-1.0,0.9526990652084351,0.521024763584137,-0.9147770404815674,-0.4117862582206726,,1.0
-0.9999971985816956,-0.9367032051086426,1.0,-0.9999979734420776,-0.999973475933075,-0.9999968409538269,0.6282539367675781,0.9114918112754822,-0.9846120476722717,-0.9498640894889832,,1.0
0.8820355534553528,-1.0,-1.0,-1.0,0.9999998807907104,-1.0,0.3688930571079254,0.9731656908988953,-1.0,0.9515336751937866,,1.0
0.9999855160713196,-0.4725099205970764,0.9974057078361511,0.6889283657073975,-0.9975204467773438,0.9972679018974304,0.7669268250465393,1.0,0.9979827404022217,0.9811449646949768,,1.0
1.0,1.0,0.034724608063697815,0.9999740123748779,0.9922780394554138,0.9999966621398926,0.9989879727363586,1.0,0.9943472146987915,0.9938489198684692,,1.0
-0.3680061101913452,-1.0,0.9999978542327881,0.9999955892562866,1.0,-1.0,0.016732538118958473,1.0,-0.9989346265792847,-0.14519961178302765,,1.0
0.9999997019767761,1.0,0.20738649368286133,-0.18874500691890717,0.9999159574508667,0.7992959022521973,0.8319240212440491,-0.9996655583381653,0.9996222853660583,0.996501624584198,,1.0
0.9219273924827576,-1.0,-1.0,0.999791145324707,1.0,1.0,-0.9892844557762146,0.9997897744178772,-0.9991319179534912,0.9977917075157166,,1.0
0.9999994039535522,1.0,0.9988204836845398,0.9999735951423645,-0.9999977350234985,-0.9999454021453857,0.9873756766319275,0.9999994039535522,0.9992668628692627,0.8936259150505066,,1.0
-0.9999342560768127,1.0,1.0,-0.9999510645866394,-0.9973751902580261,-1.0,0.9838875532150269,0.999997615814209,0.999775230884552,0.999925434589386,,1.0
-0.7185361981391907,-1.0,-1.0,-0.9890478849411011,1.0,0.9999986886978149,-0.9999598264694214,-1.0,-0.9643442034721375,-0.8900096416473389,,1.0
1.0,-1.0,0.9999838471412659,-1.0,1.0,0.9999985098838806,-0.9710080027580261,-1.0,-0.9989216923713684,0.9974388480186462,,1.0
-0.995488703250885,-0.9977920055389404,0.24555975198745728,1.0,-1.0,1.0,-0.9381598234176636,-0.9996964931488037,0.14726155996322632,0.7229214310646057,,1.0
-0.9999659657478333,-0.9966831803321838,-0.9999440312385559,-1.0,0.9999315738677979,-0.7581749558448792,-0.9975351691246033,-0.9999986290931702,0.9998412728309631,-0.999610185623169,,1.0
-0.6473612189292908,-1.0,0.812936007976532,-0.4496457278728485,-0.996832549571991,-1.0,0.9417905211448669,0.9968176484107971,-1.0,0.4276236891746521,,1.0
1.0,-0.9999942779541016,1.0,1.0,1.0,-1.0,0.5798655152320862,1.0,0.9999832510948181,-0.17688681185245514,,1.0
0.9945316314697266,-0.9798487424850464,0.9370968341827393,1.0,-1.0,-0.9999268651008606,0.9836210608482361,0.9998675584793091,-0.8911604881286621,0.43667492270469666,,1.0
0.9999397993087769,-0.9999925494194031,0.9754511713981628,-0.9792421460151672,0.9076260328292847,-1.0,0.9814326763153076,-0.26365700364112854,-0.9999660849571228,0.919766902923584,,1.0
0.0810215026140213,1.0,0.9983066916465759,0.9999980330467224,0.8506069779396057,-0.9766947627067566,0.10601193457841873,-1.0,0.9999665021896362,-0.7397071719169617,,1.0
0.9991235733032227,0.9977972507476807,-0.9999995231628418,-0.9990670084953308,0.9999704957008362,0.9986534714698792,0.7560667991638184,0.9982560873031616,0.960853099822998,-0.6311900019645691,,1.0
0.9968108534812927,-1.0,-0.8793565034866333,-0.9948102831840515,-0.815497875213623,-0.9992891550064087,-0.29672476649284363,0.9999991655349731,-0.9999974370002747,-0.7599536180496216,,1.0
0.9997826814651489,0.993094265460968,1.0,0.9999995231628418,0.999999463558197,0.2910972535610199,0.42005351185798645,-0.9999995231628418,0.9999368190765381,0.938154935836792,,1.0
-0.9998351335525513,-1.0,-0.9982715845108032,-1.0,0.963438093662262,0.08405137807130814,-0.6582198143005371,0.9985003471374512,-0.9999701380729675,-0.5704739093780518,,1.0
0.9988759160041809,-0.8472724556922913,-0.9510793089866638,0.9812502861022949,0.9999955892562866,1.0,-0.8115507364273071,-1.0,0.98738032579422,0.9838718175888062,,1.0
-0.965975284576416,-1.0,0.9999798536300659,0.9997799396514893,-1.0,0.9998548030853271,-0.24207188189029694,0.9984264969825745,-0.999623715877533,-0.9926538467407227,,1.0
0.9996678233146667,1.0,0.9999995231628418,-0.7658060789108276,-1.0,-0.8950992226600647,0.9666404724121094,1.0,0.9999078512191772,0.9983882904052734,,1.0
0.9999945163726807,0.9999968409538269,-0.8735786080360413,0.9992441534996033,-0.9982479214668274,0.8904341459274292,0.9926764369010925,-0.9998218417167664,-0.22708889842033386,0.8465180397033691,,1.0
-0.9984497427940369,0.9999578595161438,-0.6444287300109863,0.6770239472389221,-0.9830948114395142,-0.9843060970306396,-0.944871723651886,-0.6738337874412537,0.9999992847442627,-0.9992727041244507,,1.0
-0.9981957077980042,1.0,0.9996367692947388,-0.9998748302459717,-1.0,-0.9803130030632019,0.9578199982643127,-0.6637692451477051,0.9763198494911194,0.9986259937286377,,1.0
0.4154989421367645,0.1461292952299118,1.0,0.9513176679611206,-0.2887881100177765,-0.8710046410560608,0.9727278351783752,0.9998006224632263,-0.9236662983894348,0.9975227117538452,,1.0
-1.0,0.9999971389770508,1.0,-0.9871422052383423,-1.0,0.9999733567237854,0.9486439228057861,1.0,-0.9999449253082275,-0.9513028264045715,,1.0
0.379075288772583,1.0,1.0,0.9995691776275635,-1.0,0.9999611973762512,0.8183897137641907,-0.8057882189750671,-0.9699293375015259,0.9925326704978943,,1.0
0.9999182820320129,1.0,1.0,-0.9997339844703674,-0.9998462200164795,1.0,0.999713659286499,-0.3294149339199066,0.9974508285522461,0.9999945759773254,,1.0
0.9064099192619324,-1.0,-0.9999995231628418,-0.9879883527755737,1.0,0.9990288615226746,-0.9924027919769287,-0.9999964833259583,-0.9998831748962402,0.9932152032852173,,1.0
0.9997783303260803,1.0,0.9972199201583862,0.9975317716598511,-0.9999751448631287,-0.9892898201942444,-0.5633226633071899,-0.9995932579040527,1.0,0.3440758287906647,,1.0
0.9991805553436279,-1.0,0.992610514163971,0.7127264142036438,0.917142391204834,-0.9999925494194031,-0.7728002667427063,0.9869187474250793,-0.7571254372596741,-0.9689446091651917,,1.0
0.6517672538757324,-0.9648163914680481,1.0,-0.995360255241394,-0.9918757677078247,-0.9999897480010986,0.9834563136100769,1.0,-0.9862685203552246,-0.10494004189968109,,1.0
1.0,1.0,-0.9995710849761963,-0.9999998807907104,0.9999986290931702,-0.9999983906745911,0.9961394667625427,-0.7557324767112732,0.9590015411376953,0.9999564290046692,,1.0
0.9961110353469849,-0.9999971389770508,-1.0,-1.0,0.9999994039535522,-0.9997599124908447,0.6617940068244934,-0.9999976754188538,-0.9999938011169434,0.989791214466095,,1.0
0.9992316961288452,-0.9171761870384216,-0.5940871834754944,1.0,0.9450123906135559,-0.9999756813049316,0.5354695320129395,-1.0,-0.9937778115272522,0.8790662884712219,,1.0
-0.9999855160713196,1.0,0.9999900460243225,-0.6211257576942444,-1.0,0.9999844431877136,0.987911581993103,-0.9999994039535522,-0.7812914252281189,0.8828079700469971,,1.0
-0.9999549388885498,-0.9984237551689148,-0.9984502196311951,-0.9969483613967896,-0.9997485280036926,0.9717944264411926,-0.37917423248291016,-0.7579947113990784,-0.5683576464653015,-0.782544732093811,,1.0
-0.9963217377662659,0.9999986886978149,0.9952438473701477,-0.9987106919288635,0.10522828996181488,-0.9931565523147583,0.7092175483703613,-0.9999538660049438,-0.9892481565475464,0.321810245513916,,1.0
-1.0,-1.0,-0.9997727870941162,-0.8012585043907166,-0.9999985098838806,0.9999954700469971,-0.7067785859107971,-1.0,-0.9989982843399048,-0.9776942729949951,,1.0
0.9997614026069641,1.0,0.8355116248130798,-0.7156002521514893,-0.4311218559741974,0.7193195819854736,-0.12519577145576477,-1.0,0.8413982391357422,0.9992247223854065,,1.0
-0.9996756315231323,-0.3878704011440277,0.9995144605636597,0.9975256323814392,0.9749109148979187,0.9895407557487488,0.00988069735467434,0.9998407363891602,0.9538821578025818,-0.9988154768943787,,1.0
0.8770959377288818,-0.999992311000824,-0.9771130681037903,-1.0,-0.8223822712898254,-0.9999996423721313,0.8637928366661072,1.0,-0.999995768070221,0.7151113748550415,,1.0
-0.9998250007629395,0.9740327596664429,1.0,1.0,-1.0,0.9965354800224304,-0.7821601033210754,0.9992976188659668,0.9999456405639648,-0.883400559425354,,1.0
-0.9928558468818665,-0.9652726054191589,0.7822142243385315,0.09662878513336182,0.9969955682754517,-0.5040866732597351,-0.5719984173774719,-0.04807545244693756,0.915095865726471,-0.9712330102920532,,1.0
-0.29163306951522827,1.0,-0.9854062795639038,-1.0,-0.9977498650550842,-0.9999993443489075,0.9544498920440674,0.9966068863868713,0.6102064251899719,0.9292435050010681,,1.0
0.8781346082687378,1.0,-1.0,0.9991735219955444,1.0,1.0,-0.8816206455230713,0.9999300241470337,0.9997569918632507,-0.8920381665229797,,1.0
0.9991016387939453,1.0,1.0,-0.999987006187439,-1.0,1.0,0.10412613302469254,0.9999996423721313,0.9997917413711548,0.9990912675857544,,1.0
-1.0,0.9854193925857544,-0.9522948265075684,-0.9999758005142212,1.0,-0.9950964450836182,-0.9957616329193115,-0.9999876022338867,0.5294749140739441,-0.9836275577545166,,1.0
-0.7132238745689392,1.0,1.0,0.9986993074417114,-0.9999991655349731,0.9994890689849854,0.9878270030021667,0.5943400859832764,0.9993652701377869,0.9410315155982971,,1.0
0.9681833982467651,-0.9999822378158569,-0.9966362714767456,-0.9755922555923462,-0.9996063113212585,-0.9999071359634399,0.41181907057762146,-0.8075299263000488,-0.6194111108779907,-0.6006482243537903,,1.0
-0.9999982118606567,1.0,0.9754631519317627,-0.9743103981018066,0.9641220569610596,-0.899009108543396,0.2899419665336609,-0.9994485974311829,0.697561502456665,-0.8230642676353455,,1.0
-1.0,-1.0,0.9945417642593384,0.9994308948516846,1.0,-0.9998195171356201,-0.7919051051139832,0.9992387890815735,-0.9999994039535522,-0.5666918754577637,,1.0
1.0,1.0,0.9984447360038757,1.0,0.9851264953613281,-0.9885621070861816,0.9997463226318359,1.0,0.9948621988296509,0.9982322454452515,,1.0
-0.6234470009803772,1.0,-0.0634160116314888,-1.0,0.8334865570068359,0.9994617104530334,0.9597628712654114,-0.9969596862792969,0.31723955273628235,0.9996418952941895,,1.0
-0.9999703168869019,-1.0,-0.9999950528144836,0.8173099756240845,-1.0,-0.9973668456077576,-0.9622239470481873,-0.9999960064888,-0.9999985098838806,-0.9853582978248596,,1.0
-0.8981395959854126,-1.0,-0.8980022668838501,-0.9999992251396179,0.9289594292640686,1.0,-0.8778178691864014,0.9951621890068054,0.8485053181648254,-0.9867106676101685,,1.0
0.8290103673934937,1.0,1.0,1.0,-0.9998160004615784,-0.9125415086746216,0.941595196723938,-0.5053094029426575,0.9995536208152771,-0.9703226685523987,,1.0
-0.999994158744812,-0.9898005127906799,-1.0,-0.5597504377365112,1.0,-0.9999977350234985,-0.993129312992096,-0.9913115501403809,-0.9998646378517151,-0.7296793460845947,,1.0
-0.9983168840408325,0.9941278100013733,-0.4206361174583435,1.0,-0.9995365142822266,-0.8782302737236023,-0.8404403328895569,-0.7845236659049988,0.9980505704879761,-0.8531385660171509,,1.0
-0.998429000377655,1.0,1.0,-0.9998179078102112,-0.9964806437492371,-0.9999428391456604,0.7540715336799622,-0.9999992847442627,0.9952473044395447,-0.1594458520412445,,1.0
0.9989174008369446,1.0,0.9882267713546753,0.9999387860298157,-0.9991137981414795,0.9999923706054688,0.8861321806907654,-0.9995028972625732,0.9918463230133057,0.9925677180290222,,1.0
0.8140397667884827,1.0,-1.0,-0.21622754633426666,1.0,-0.9947261214256287,0.5001226663589478,0.9984755516052246,0.3245219886302948,0.9409633874893188,,1.0
-0.940617024898529,-1.0,-0.9994969367980957,-0.8606747984886169,-0.9997259378433228,0.10665382444858551,-0.48106849193573,1.0,-0.9999418258666992,-0.9982797503471375,,1.0
1.0,1.0,-0.9999687671661377,-0.9990778565406799,1.0,1.0,-0.7300657033920288,-0.5112622976303101,0.9999792575836182,0.8432589173316956,,1.0
-0.9983517527580261,-0.9986247420310974,-0.7960302829742432,-0.9610363245010376,-0.6961879730224609,1.0,-0.8878574967384338,-1.0,-0.9200226068496704,-0.9580169320106506,,1.0
0.8045529127120972,-1.0,0.5369834303855896,1.0,-0.9991480708122253,-0.9937393665313721,-0.888479471206665,0.9999990463256836,-0.89488285779953,-0.9959761500358582,,1.0
-0.9741898775100708,-1.0,-1.0,0.5712877511978149,1.0,-0.9999634623527527,-0.999863862991333,0.9999901056289673,0.43538135290145874,-0.9995543956756592,,1.0
0.9998232126235962,0.9999181628227234,-0.9893009066581726,1.0,1.0,0.9999904036521912,0.30831027030944824,-0.9998503923416138,0.9985301494598389,0.9393711090087891,,1.0
-0.9958248138427734,0.9973386526107788,0.9998690485954285,-0.19485144317150116,-0.5116701126098633,-0.9999995231628418,0.915091872215271,-0.6930390000343323,-0.7285572290420532,0.4384464621543884,,1.0
-0.9998170733451843,-0.9982336163520813,-0.7426671981811523,0.09883376210927963,1.0,-1.0,-0.8673902153968811,0.9949347972869873,0.9633896946907043,0.8051052689552307,,1.0
0.9999915361404419,1.0,0.9946871995925903,-0.999993085861206,0.9998874664306641,0.9982337355613708,0.9516146779060364,0.9999976754188538,0.999994695186615,0.9848153591156006,,1.0
1.0,1.0,-0.9867430329322815,-0.03801761567592621,1.0,1.0,0.8260418772697449,-0.9999972581863403,0.9993855357170105,0.9996850490570068,,1.0
1.0,0.9290755391120911,0.8951603174209595,1.0,1.0,1.0,0.8291922807693481,0.9999948740005493,0.9999902248382568,0.9303129315376282,,1.0
1.0,-1.0,-1.0,-0.3000653386116028,1.0,1.0,-0.26255592703819275,1.0,-0.5806572437286377,0.6450470089912415,,1.0
-0.9987906813621521,-1.0,0.9675959348678589,-0.9999915361404419,-0.999960720539093,-0.9998714923858643,-0.8568878173828125,-0.9999798536300659,-0.9996153712272644,-0.9987170100212097,,1.0
0.9913924336433411,1.0,0.9965060353279114,0.1757945418357849,-0.882135272026062,-1.0,0.589118242263794,0.9855288863182068,0.9999683499336243,-0.4018056094646454,,1.0
-0.9833667874336243,0.9537745714187622,-1.0,-1.0,1.0,0.9999719858169556,-0.4571375548839569,1.0,-0.2762097120285034,0.55908203125,,1.0
-0.8820251226425171,1.0,0.9999079704284668,-1.0,0.9870902299880981,-0.9300825595855713,0.43488454818725586,-0.18030332028865814,0.9999076724052429,0.9500720500946045,,1.0
0.8802264928817749,0.9999959468841553,0.9999976754188538,0.9999979138374329,-0.9996404647827148,-1.0,0.517553448677063,-0.7855551838874817,0.999612033367157,-0.960053563117981,,1.0
0.9859998822212219,-0.998136043548584,-1.0,-1.0,-0.9453229308128357,0.48268523812294006,0.37862950563430786,0.9779104590415955,-0.9995757341384888,0.9997337460517883,,1.0
0.9999994039535522,-1.0,-0.9999987483024597,0.9999892711639404,0.9957015514373779,-1.0,0.8880918025970459,0.9999716281890869,-0.9999997019767761,0.31762152910232544,,1.0
0.38527747988700867,1.0,0.9958770871162415,-1.0,-0.9993880987167358,-0.18339797854423523,0.9471242427825928,-0.7162909507751465,0.6925199031829834,0.994436502456665,,1.0
0.9984853863716125,-0.9971880912780762,-0.9993389248847961,-0.9990952610969543,0.9999979138374329,0.9989548921585083,0.6583903431892395,0.999036967754364,0.061444979161024094,0.002003526082262397,,1.0
0.7823647856712341,-1.0,0.9883106350898743,-0.9991509318351746,0.9999983310699463,-1.0,-0.977055549621582,-1.0,0.4982195496559143,-0.9039516448974609,,1.0
-0.9994914531707764,0.9938115477561951,-0.8754931092262268,-1.0,-0.9739019274711609,0.8542884588241577,-0.06551723182201385,0.7138883471488953,0.9972386360168457,-0.984957754611969,,1.0
-0.9984274506568909,-1.0,-1.0,-0.9904775619506836,0.9999998807907104,-0.8232952952384949,-0.9947747588157654,1.0,-0.19656625390052795,-0.8711955547332764,,1.0
-0.8521267771720886,-0.9744791984558105,-0.9999923706054688,0.9999871850013733,1.0,-0.9885572195053101,-0.3211516737937927,1.0,-0.7907789945602417,0.8390876650810242,,1.0
0.9997770190238953,1.0,-0.831828236579895,-0.9943053126335144,0.9959304928779602,1.0,0.9175260663032532,0.9999974370002747,0.9999963045120239,-0.12024764716625214,,1.0
-0.9999628663063049,-1.0,-1.0,-1.0,1.0,-0.9938849806785583,-0.9998352527618408,0.9984931945800781,-0.9983041286468506,0.3341413140296936,,1.0
-0.8828413486480713,0.9999997019767761,0.9999925494194031,0.9637131094932556,-0.9973429441452026,-0.5415924787521362,0.9848136305809021,0.9320490956306458,-0.9125145077705383,0.2921018600463867,,1.0
-0.28320544958114624,0.926571249961853,0.9952161312103271,0.9994839429855347,-0.993999183177948,0.9134699106216431,-0.9267602562904358,-1.0,0.9974492192268372,-0.9151872992515564,,1.0
-0.9703285098075867,0.99951171875,0.9697812795639038,0.9895284175872803,-0.9814862012863159,1.0,0.8237363696098328,-0.5878008604049683,-0.9963162541389465,-0.9776763319969177,,1.0
-0.9995931386947632,-0.9999978542327881,-0.9937024712562561,0.9657992124557495,0.9562547206878662,1.0,-0.8301183581352234,-0.5158452987670898,-0.9515059590339661,-0.7226012945175171,,1.0
0.9261370897293091,1.0,-0.8673239350318909,0.9910586476325989,0.9999980330467224,-0.9999348521232605,-0.520502507686615,-0.998044490814209,0.9969879984855652,-0.6856513619422913,,1.0
-0.5001779198646545,-1.0,-0.9998810291290283,-1.0,-0.5240404009819031,-1.0,-0.310621052980423,0.9997055530548096,-0.754383385181427,-0.1032864972949028,,1.0
-1.0,0.9254664182662964,-1.0,-0.9999998211860657,0.9961464405059814,-0.9127632975578308,-0.7682134509086609,-0.997276782989502,0.13651143014431,-0.7723491191864014,,1.0
-0.9999964237213135,0.99958336353302,-0.9999998211860657,-0.9961625933647156,0.07436494529247284,-0.999965250492096,-0.8633473515510559,-0.9401863813400269,0.9988418817520142,-0.6287743449211121,,1.0
0.9875357151031494,-0.7662141919136047,0.9278250932693481,-0.12072647362947464,0.9999974370002747,1.0,-0.6721786856651306,-0.9998486638069153,0.9926133155822754,-0.8863654732704163,,1.0
-0.9997105002403259,-0.995305597782135,-0.8659084439277649,-0.9997745752334595,-0.9274500012397766,-0.9999182224273682,-0.37733328342437744,-0.979705810546875,-0.26611942052841187,-0.21998637914657593,,1.0
-0.9799163937568665,-0.6652213335037231,0.2624763548374176,-1.0,-0.9773974418640137,-1.0,-0.6006616950035095,-0.9999990463256836,0.7750346064567566,-0.9249825477600098,,1.0
-0.9969180822372437,0.9998486042022705,0.999994158744812,0.9933241009712219,0.9998111128807068,-1.0,-0.24787400662899017,-0.9999422430992126,0.9943550825119019,-0.4687849283218384,,1.0
0.999992847442627,1.0,-0.903708815574646,-0.986640214920044,0.9999411106109619,-1.0,0.971046507358551,-1.0,0.3544364869594574,0.994525671005249,,1.0
-0.6792424321174622,1.0,-0.9999706745147705,-1.0,-0.9999917149543762,0.9999745488166809,0.2537758946418762,0.999497652053833,0.9996216893196106,0.9986866116523743,,1.0
0.7567946910858154,0.9949668645858765,0.999629020690918,1.0,-0.3072133958339691,-1.0,0.9605006575584412,0.9999316930770874,0.7837048172950745,-0.3223769962787628,,1.0
1.0,-0.9958289861679077,1.0,1.0,0.9544254541397095,0.9999973177909851,0.7735181450843811,0.9742565751075745,0.9996790289878845,0.9744576215744019,,1.0
-0.637607216835022,1.0,-0.9284777641296387,-0.9430177807807922,-0.9999911785125732,0.9743590354919434,0.7907902598381042,-1.0,0.021271727979183197,0.9994803071022034,,1.0
0.9976730346679688,1.0,-0.9997066259384155,-1.0,-0.9981781244277954,0.9994611740112305,0.9314416646957397,0.9941908121109009,-0.9014208316802979,0.9961981177330017,,1.0
-0.9996168613433838,-0.9452040195465088,-0.999851644039154,-0.999998152256012,0.9998413920402527,-0.9574726819992065,-0.9734200835227966,-1.0,0.5539592504501343,-0.9930865168571472,,1.0
-0.805199921131134,1.0,-0.8477025032043457,-1.0,0.9999628067016602,-0.08120779693126678,0.9432335495948792,0.9999585747718811,0.1818387657403946,0.9998272657394409,,1.0
0.8407551646232605,1.0,0.9997180700302124,-0.12239756435155869,-0.9998106360435486,-0.9997501373291016,0.5225179195404053,-1.0,0.9976953268051147,-0.4416588544845581,,1.0
-0.7403469681739807,-0.9676652550697327,-0.7462372779846191,0.9999991059303284,0.9993476867675781,-0.9827938079833984,-0.7150499820709229,0.9125669002532959,0.9976164698600769,-0.9792178869247437,,1.0
1.0,1.0,-0.9999960660934448,-0.10052075982093811,0.9811713099479675,-1.0,0.9710484147071838,-0.9997472167015076,-0.16440533101558685,0.9995365738868713,,1.0
-0.9864899516105652,0.9997646808624268,-1.0,0.2721068263053894,-0.9806853532791138,-0.9136430621147156,-0.9350395798683167,-0.9999940395355225,0.9899472594261169,-0.9967876672744751,,1.0
-0.9403084516525269,0.7774954438209534,0.7434013485908508,-0.8745061159133911,-0.5811454057693481,0.9553357362747192,-0.14053413271903992,0.736607015132904,0.9981930255889893,-0.9751079678535461,,1.0
-0.8632499575614929,-0.9878852367401123,0.9361448287963867,-0.8029858469963074,1.0,-1.0,-0.9540615677833557,-0.9969050884246826,-0.9396029114723206,-0.5917021036148071,,1.0
-0.999923586845398,-0.9827285408973694,0.9998781681060791,1.0,-0.9999996423721313,-0.8725406527519226,-0.2924620509147644,0.9999977946281433,0.9980736374855042,-0.9932724833488464,,1.0
0.965471625328064,0.9985290169715881,0.9988851547241211,0.9954026937484741,1.0,-1.0,0.9511688947677612,1.0,0.9999985694885254,0.9206477999687195,,1.0
-0.9995819330215454,-0.9828007817268372,0.9999794960021973,1.0,0.018948262557387352,0.9900681376457214,-0.8582292795181274,-1.0,0.9944106936454773,-0.982704222202301,,1.0
-0.9998672008514404,-1.0,-0.9999983310699463,0.8721527457237244,-0.9950213432312012,-0.23395848274230957,-0.9800798296928406,-0.9999310374259949,-0.9960854053497314,-0.7880807518959045,,1.0
-0.9948280453681946,0.9994178414344788,-0.9999995827674866,0.9999606609344482,0.9999843835830688,0.99722820520401,-0.7370525002479553,0.9952726364135742,0.9980862140655518,-0.8822291493415833,,1.0
-0.41137808561325073,1.0,-0.10097178816795349,-0.9998534321784973,-0.9874162673950195,-0.9994837045669556,0.9469917416572571,-0.9791038632392883,0.816430926322937,0.7426531910896301,,1.0
1.0,0.9998465776443481,-0.9980962872505188,1.0,1.0,0.9996119737625122,0.647813081741333,0.9573557376861572,0.9952172636985779,0.99977707862854,,1.0
-0.9999896883964539,-0.9957272410392761,-0.9999276995658875,-0.9951930046081543,-0.9909912943840027,-0.9756554365158081,-0.7571764588356018,0.9999997019767761,0.9482026696205139,-0.9865394234657288,,1.0
0.6436217427253723,0.9999992847442627,-0.9768707752227783,-0.6809685826301575,-0.9899553060531616,1.0,0.5279440879821777,-0.8090169429779053,0.8686887621879578,0.7825168967247009,,1.0
-0.9444332122802734,0.9999696016311646,-0.9990360140800476,-1.0,1.0,-0.9995033740997314,-0.7188860177993774,-1.0,0.9220142364501953,0.9990575313568115,,1.0
-0.9998417496681213,0.9997337460517883,-0.962658703327179,-1.0,0.8636705875396729,-0.8948198556900024,-0.21818651258945465,-0.9963189959526062,0.9314221143722534,-0.2945895195007324,,1.0
-0.9999718070030212,0.04494708031415939,-0.716273307800293,1.0,-1.0,0.9974409341812134,-0.11825840920209885,-0.9999983906745911,-0.9259719848632812,0.8325716257095337,,1.0
-0.9746238589286804,-1.0,-0.9954511523246765,1.0,0.9999983310699463,-0.08657816052436829,-0.8247379064559937,1.0,-0.9995061159133911,-0.858378529548645,,1.0
-0.9987942576408386,0.9098426699638367,-0.33458754420280457,-0.9830856919288635,-0.771561861038208,-0.9998971223831177,0.3043516278266907,-1.0,-0.2308567464351654,-0.8847527503967285,,1.0
-0.9903585910797119,1.0,0.43362870812416077,-1.0,0.4793283939361572,-0.9999862909317017,0.9432557225227356,0.03721760958433151,-0.9382219910621643,0.9993316531181335,,1.0
0.9979587197303772,-0.9992365837097168,-0.986112117767334,-0.9857074022293091,1.0,-0.12949132919311523,-0.885155200958252,-1.0,0.7191432118415833,0.4894472062587738,,1.0
-0.39457735419273376,0.9991166591644287,0.9491899013519287,0.9999857544898987,0.9999974966049194,-0.9999997019767761,0.42723527550697327,0.4119913876056671,0.9994651079177856,0.7505902051925659,,1.0
0.6135838031768799,-1.0,0.9998993873596191,0.9927368760108948,0.994307816028595,0.766570508480072,0.03359827771782875,1.0,0.17440742254257202,-0.9750785231590271,,1.0
1.0,1.0,-1.0,1.0,1.0,0.9643749594688416,0.9232152104377747,1.0,0.9999985098838806,0.6238239407539368,,1.0
-0.9999849796295166,-1.0,-0.9999707341194153,1.0,-1.0,0.9999950528144836,-0.1939600706100464,-1.0,-1.0,-0.9490403532981873,,1.0
-0.9999092817306519,-1.0,-0.5913171172142029,-0.9903353452682495,-0.9523119926452637,0.9535393714904785,-0.9692654609680176,-1.0,-0.9999992847442627,-0.9992333054542542,,1.0
-0.9990432262420654,1.0,-0.9999912977218628,1.0,-0.9996960759162903,-0.9955195188522339,-0.9240533709526062,-0.9990283846855164,0.9926543831825256,-0.9925286769866943,,1.0
-0.1202489510178566,0.999353289604187,-1.0,0.9874074459075928,1.0,0.9999846816062927,0.6069528460502625,0.9998720288276672,0.9452597498893738,-0.3091968595981598,,1.0
-1.0,-1.0,0.862436830997467,-0.9999729990959167,-0.9961493611335754,0.9951724410057068,-0.8434175848960876,-0.999997615814209,-0.9999719262123108,-0.9995676875114441,,1.0
-0.9856211543083191,-1.0,-0.5063055157661438,0.999955415725708,0.9541972875595093,0.9999901652336121,-0.9502730369567871,0.9917329549789429,-0.6743761301040649,-0.08232197165489197,,1.0
1.0,-0.9974290132522583,-0.8164377808570862,0.9488740563392639,1.0,-0.6743820309638977,0.7438309192657471,-0.9949874877929688,0.9596263766288757,0.9333689212799072,,1.0
0.8730186820030212,1.0,0.9970818161964417,-0.9998742938041687,-0.9688500761985779,-0.15629813075065613,0.8938754796981812,0.6873887777328491,0.9999898076057434,0.9756202101707458,,1.0
-0.9985283017158508,-0.9999993443489075,0.8623706698417664,1.0,-0.9999241828918457,0.8825679421424866,-0.9000221490859985,-1.0,0.7098102569580078,-0.9917179346084595,,1.0
0.9972048401832581,-0.9758376479148865,0.9868974089622498,1.0,1.0,-0.9208974838256836,-0.6559622883796692,-0.9999881386756897,0.9999884366989136,-0.8471834659576416,,1.0
0.9174147248268127,1.0,-0.9883623719215393,-1.0,-1.0,0.06995240598917007,0.8909714221954346,-0.9999207258224487,0.98850017786026,0.9676492214202881,,1.0
0.9970498085021973,0.9999998211860657,-0.9999911785125732,0.9999777674674988,1.0,-1.0,-0.0916314497590065,-0.9951881170272827,0.9803920984268188,0.5451439023017883,,1.0
-0.9303919076919556,-1.0,-0.9995054602622986,-1.0,0.9999995231628418,0.999997615814209,-0.9886748194694519,0.9892898201942444,-0.9953289031982422,-0.9410890936851501,,1.0
-0.17797134816646576,-1.0,0.8965117931365967,-0.8586872816085815,0.9995049238204956,-0.7737219333648682,-0.8009863495826721,-0.9993847012519836,-0.7706502676010132,-0.8790815472602844,,1.0
0.832153856754303,-0.9999973177909851,-0.05033694952726364,1.0,1.0,0.9960213303565979,-0.6837493777275085,-0.4291048049926758,0.9917150735855103,-0.9050734639167786,,1.0
1.0,0.9999931454658508,0.9927518963813782,1.0,1.0,0.4806649386882782,0.609265923500061,0.9998814463615417,0.9999919533729553,0.9980158805847168,,1.0
-0.9989443421363831,-1.0,-0.9145179986953735,-0.9994185566902161,0.999984622001648,0.9999926090240479,-0.9957510232925415,-0.9989092946052551,-0.9999788403511047,-0.9992008209228516,,1.0
1.0,1.0,-0.9999971985816956,0.4944402575492859,0.9755560159683228,-0.937150776386261,0.97565096616745,1.0,0.9950850009918213,0.9939563870429993,,1.0
0.999984085559845,1.0,1.0,1.0,-1.0,-0.9999635219573975,0.9998360276222229,-1.0,-0.9930480122566223,0.3776150941848755,,1.0
0.7955375909805298,-1.0,-0.9999974966049194,-0.9976467490196228,0.9983840584754944,-0.8966580033302307,-0.8289769887924194,-1.0,-0.6758543252944946,-0.9028909802436829,,1.0
-0.9999954700469971,-0.8452422618865967,0.7882499098777771,0.26790937781333923,0.9708890914916992,-0.9892638325691223,0.012740169651806355,1.0,-0.9574633240699768,-0.9837537407875061,,1.0
0.9997583627700806,-1.0,0.17703761160373688,-0.5861316919326782,0.9989747405052185,0.9650170803070068,-0.9722542762756348,0.4563305079936981,-0.9995352029800415,-0.5721985101699829,,1.0
0.9998348951339722,0.9994672536849976,0.9063206911087036,0.9829403162002563,-1.0,1.0,0.5784617066383362,-1.0,-0.998637855052948,0.9766150116920471,,1.0
0.2840515375137329,0.8132384419441223,-1.0,-0.6507619619369507,1.0,1.0,0.5788974761962891,1.0,-0.9903512597084045,-0.38039636611938477,,1.0
0.9999996423721313,0.990386426448822,0.8780628442764282,1.0,-0.940112292766571,-0.968279242515564,0.9988476037979126,0.9999938607215881,-0.28606149554252625,0.9756599068641663,,1.0
0.9888162016868591,0.9979567527770996,0.9991564154624939,0.7995058298110962,0.859626293182373,1.0,0.4654655456542969,1.0,0.9999932646751404,0.08908661454916,,1.0
0.9947463274002075,1.0,1.0,0.9999991655349731,-0.9760266542434692,0.9941886067390442,0.9728983044624329,0.665511965751648,1.0,0.9627740979194641,,1.0
-0.377442330121994,-1.0,0.9325757026672363,-1.0,0.9998624920845032,0.9908205270767212,-0.9612975120544434,-0.9985098242759705,-0.9990009069442749,-0.9416162371635437,,1.0
0.999552309513092,0.9999401569366455,-1.0,-0.9999974370002747,-0.8626850843429565,-0.9611392617225647,0.9568037986755371,-0.9999992847442627,-0.9048078656196594,0.9922800064086914,,1.0
1.0,1.0,0.9999992847442627,1.0,-1.0,0.34453344345092773,0.9941235184669495,-1.0,0.9882166385650635,0.9999778866767883,,1.0
1.0,-0.31967028975486755,-0.9999997019767761,-0.9836894869804382,1.0,1.0,-0.47959280014038086,0.9995256066322327,0.9997209310531616,0.9902685880661011,,1.0
-0.9997020363807678,1.0,1.0,0.8523190021514893,-0.9996784329414368,0.9992631077766418,0.7625669240951538,-0.9999898076057434,-0.8832715749740601,-0.8986956477165222,,1.0
-0.9999889731407166,0.8150804042816162,-0.8466834425926208,0.9987061023712158,-0.9994978308677673,1.0,-0.8928845524787903,1.0,0.9616062641143799,-0.15730726718902588,,1.0
-0.7363055944442749,-0.8444128632545471,0.999528706073761,-0.9999885559082031,0.6165059208869934,-0.5485226511955261,0.04436513036489487,-0.9683130383491516,-0.7683565616607666,0.6556228995323181,,1.0
-0.16828666627407074,-0.9999810457229614,-1.0,1.0,1.0,-1.0,-0.999997615814209,-0.729942798614502,0.995836079120636,-0.5241085290908813,,1.0
-0.9827653169631958,-0.31730809807777405,-0.07732893526554108,0.9999069571495056,0.9999171495437622,1.0,-0.7264190912246704,-1.0,-0.24249950051307678,-0.9932302236557007,,1.0
0.9999740123748779,0.9999992847442627,-0.9025713205337524,0.009939710609614849,1.0,-1.0,0.4844357371330261,-0.993031919002533,-0.47366786003112793,0.9218474626541138,,1.0
0.9999606609344482,-0.9676353335380554,-0.9997217655181885,-1.0,0.9991763234138489,0.999997615814209,0.8361597061157227,-0.8644511103630066,-0.9998454451560974,0.8321706652641296,,1.0
0.999578595161438,0.9999992251396179,0.9437333941459656,0.28271394968032837,-0.9995855093002319,-0.9406791925430298,0.7422417998313904,-0.9530589580535889,0.9998653531074524,0.5364420413970947,,1.0
-0.9071689248085022,1.0,1.0,0.9999979138374329,-0.9975515604019165,-0.9915085434913635,0.9133730530738831,-1.0,0.9995934367179871,0.7494482398033142,,1.0
-0.9999390840530396,0.9998065233230591,-0.9999997019767761,-1.0,1.0,0.9796764254570007,-0.17003917694091797,0.8030742406845093,0.9044889211654663,-0.3718422055244446,,1.0
-0.9998397827148438,-0.6517478823661804,0.9999828338623047,1.0,-0.9999549984931946,0.6987650990486145,-0.04785909503698349,0.9999912977218628,0.9840226769447327,-0.6880579590797424,,1.0
0.48094841837882996,-1.0,0.9984502792358398,-0.9976949095726013,-0.9884379506111145,0.18320444226264954,-0.8726629614830017,0.9999995231628418,-0.992985725402832,-0.6660236120223999,,1.0
-0.7577052116394043,1.0,0.9999938011169434,-0.08600219339132309,-1.0,0.9049206376075745,0.8331546783447266,0.996627926826477,0.9975091814994812,0.9923123121261597,,1.0
-0.9999855756759644,1.0,-1.0,-0.599309504032135,1.0,0.9999991655349731,-0.6207320094108582,-0.9301547408103943,0.999971866607666,-0.9313544631004333,,1.0
0.8193807601928711,0.9999996423721313,0.9999986886978149,0.9973457455635071,-0.9997069835662842,-0.9699613451957703,0.7439869046211243,1.0,0.9999958872795105,-0.973335862159729,,1.0
-0.9985247850418091,-0.7171297669410706,0.9999868273735046,0.999995231628418,-1.0,-0.9055119156837463,0.9174321293830872,0.7532724738121033,-0.8758146166801453,-0.7856116890907288,,1.0
0.9999933242797852,-0.9995464086532593,1.0,1.0,-1.0,0.985306441783905,0.9000961780548096,-0.9999967217445374,-0.9966493844985962,0.3480711877346039,,1.0
0.9935626983642578,1.0,0.9999927878379822,0.92588871717453,-0.998910129070282,0.9869588017463684,0.884107768535614,0.9169527888298035,0.9998226165771484,0.9977651834487915,,1.0
0.868596076965332,-0.9999881386756897,-0.4578801095485687,0.9225571751594543,0.9629119634628296,0.999984085559845,-0.7929216623306274,1.0,0.9998289942741394,-0.3733927309513092,,1.0
1.0,1.0,1.0,1.0,-1.0,0.6028276085853577,0.9996839165687561,-0.7722513675689697,0.8790650963783264,0.9996625185012817,,1.0
-0.997378408908844,0.9999967813491821,1.0,0.23941415548324585,-0.9991791844367981,-0.9999873638153076,0.9741862416267395,-0.9994081258773804,-0.9475106000900269,0.34057027101516724,,1.0
-0.9999637007713318,-1.0,-0.7055429816246033,-1.0,-0.9999958276748657,0.9714077115058899,-0.9485322833061218,1.0,-0.9999996423721313,-0.971920371055603,,1.0
0.6862762570381165,-0.9993694424629211,-1.0,-0.9535896182060242,-0.9999880194664001,0.9473811984062195,-0.2293252944946289,-1.0,-0.9929958581924438,0.892865777015686,,1.0
0.9999948143959045,0.9999867081642151,0.9999914765357971,1.0,-1.0,0.9999956488609314,0.5868216753005981,0.999259889125824,0.999915599822998,0.877905011177063,,1.0
-0.9951662421226501,-0.6466975808143616,-0.9547092318534851,-0.9996054172515869,-1.0,-1.0,0.8693702220916748,-0.9999687671661377,-0.8157339096069336,-0.516387939453125,,1.0
0.9828701615333557,1.0,0.9986843466758728,0.9981709122657776,-0.13766808807849884,0.9999369382858276,0.6544116735458374,-0.9976624846458435,0.9999362230300903,0.619995653629303,,1.0
0.9999163746833801,1.0,-0.6652978658676147,-0.7919191718101501,-1.0,0.7806586027145386,0.9087057709693909,1.0,0.991028904914856,-0.6243665814399719,,1.0
0.9998719692230225,1.0,-0.9718132019042969,0.9999890923500061,-1.0,0.9995347857475281,0.9828824996948242,-0.9988834857940674,0.27416834235191345,0.6027348041534424,,1.0
0.9999997019767761,-0.999998927116394,-0.9996486902236938,0.7059696912765503,-0.9599045515060425,-0.9815771579742432,0.5666049122810364,-0.9981032609939575,-0.9974578619003296,0.9875821471214294,,1.0
0.9999788403511047,-0.9999979138374329,-1.0,0.9986852407455444,-0.9999663233757019,0.3692355751991272,0.9858410358428955,-1.0,-1.0,0.7255945801734924,,1.0
-0.5835118889808655,0.9999856948852539,0.9999726414680481,0.999998927116394,-0.995590329170227,-0.45148080587387085,0.9484418630599976,0.9999916553497314,0.9723278880119324,-0.7201926112174988,,1.0
-0.9998416304588318,-0.7348725199699402,-0.983008861541748,-0.9998268485069275,-0.9388838410377502,-1.0,-0.32378649711608887,-0.9998923540115356,-0.9255837202072144,-0.9437517523765564,,1.0
-0.9999995827674866,-0.9989718198776245,-0.9994643330574036,-1.0,0.9999754428863525,-0.863533616065979,-0.9741900563240051,0.9999986886978149,0.8221736550331116,-0.9978851675987244,,1.0
-0.996244490146637,-0.9923065900802612,-0.9999743700027466,-1.0,0.999595582485199,-0.9999967217445374,-0.8874111175537109,0.9999964833259583,0.9902694821357727,-0.9897003173828125,,1.0
0.8871925473213196,-0.46850210428237915,-0.7209935784339905,1.0,0.9976629614830017,0.9981737732887268,-0.9988064169883728,-0.9970424771308899,0.9996222853660583,0.2705908417701721,,1.0
0.4984373450279236,1.0,1.0,-0.9999974966049194,-1.0,-0.9999504685401917,0.9695051312446594,-0.6515515446662903,0.8213368654251099,0.9487970471382141,,1.0
0.9772735238075256,-0.9999969005584717,-0.9925769567489624,-0.8679360747337341,0.9978742599487305,-0.9535678625106812,-0.03094821609556675,0.9741925001144409,0.977759599685669,-0.8793684244155884,,1.0
-0.9869883060455322,-1.0,-0.8451516032218933,-0.9999430179595947,0.9966652989387512,1.0,-0.8646480441093445,0.9999940991401672,-0.9994447231292725,-0.9471380710601807,,1.0
-0.9999996423721313,1.0,0.9995545744895935,0.9283860921859741,-1.0,0.9944519996643066,0.8473937511444092,-1.0,-0.7753486633300781,0.2016824185848236,,1.0
0.8759706616401672,-1.0,0.998892605304718,1.0,0.999940812587738,0.9999978542327881,-0.3839908540248871,0.9989497065544128,-0.5610259771347046,0.1799849271774292,,1.0
-0.9986478686332703,1.0,0.19227296113967896,-0.9999992847442627,-0.9968671202659607,-0.9968003630638123,0.7626085877418518,-1.0,0.929482102394104,0.9996390342712402,,1.0
-0.7279468178749084,0.9875081777572632,-0.9999958872795105,-0.9999386072158813,0.9988598227500916,0.6622349619865417,-0.7990345358848572,-1.0,0.7547805309295654,0.9990977644920349,,1.0
0.9999987483024597,1.0,-0.9350566267967224,0.42848432064056396,-0.9999662041664124,0.9999687671661377,0.9385566115379333,1.0,0.9999162554740906,0.9999739527702332,,1.0
-0.9999920725822449,0.9999332427978516,0.5182703137397766,-0.994428277015686,-1.0,0.9984177947044373,0.41460078954696655,-0.8095731139183044,0.7935130000114441,-0.9936966300010681,,1.0
-0.9998159408569336,1.0,-0.9999160170555115,1.0,0.9995002150535583,-0.9338082671165466,0.7495397329330444,0.08877694606781006,-0.5407229661941528,0.9998443126678467,,1.0
-0.9991100430488586,0.9992958903312683,0.9648934602737427,-0.999869167804718,0.35635069012641907,-0.9999579191207886,-0.7504281401634216,-0.9999997019767761,0.23408494889736176,-0.9532873630523682,,1.0
-0.9641513228416443,1.0,-0.7978088855743408,-0.6808377504348755,-0.9999939799308777,0.9979645609855652,0.8875126838684082,-1.0,0.9648737907409668,0.750960111618042,,1.0
-0.9992502927780151,0.9999470710754395,-0.9762376546859741,-0.9999884366989136,-1.0,0.9497800469398499,0.048933304846286774,-0.9396935105323792,-0.7250250577926636,0.9894418120384216,,1.0
0.9929141998291016,1.0,-0.9967830777168274,0.8427852988243103,-0.9961691498756409,0.9932823181152344,0.9968581795692444,-0.02585330791771412,0.2135106325149536,0.97850501537323,,1.0
-0.9997590780258179,-0.292921781539917,-0.9987849593162537,1.0,0.9730650186538696,-0.9999005794525146,-0.8294352889060974,-1.0,0.4968979060649872,-0.9162628650665283,,1.0
-0.8402437567710876,-1.0,-0.45872896909713745,-1.0,0.00471310131251812,0.9478089809417725,-0.9787747263908386,1.0,-0.999938428401947,-0.8760029077529907,,1.0
-0.9999663829803467,-0.9930648803710938,-0.9999993443489075,-0.9716970920562744,-0.1490696370601654,-0.9848639369010925,-0.949635922908783,-0.9999970197677612,0.22937723994255066,0.8963470458984375,,1.0
-0.9848559498786926,0.9883971214294434,0.9999062418937683,-0.9931038022041321,-0.900290846824646,-0.9998593926429749,0.7733897566795349,-0.8587431311607361,0.08699110895395279,-0.5932712554931641,,1.0
-0.9920018315315247,0.9971838593482971,0.9744119048118591,1.0,-0.9988915324211121,-0.8583768606185913,-0.01927056349813938,0.9998011589050293,0.9990131855010986,-0.9938744902610779,,1.0
-0.9348348379135132,0.7755013704299927,-0.9980077743530273,-0.9475597143173218,-0.9999991655349731,-0.9999969601631165,0.7942266464233398,-0.9999410510063171,-0.9669496417045593,-0.8980551362037659,,1.0
0.995176374912262,-0.9999243021011353,-0.999994695186615,-0.99873948097229,-0.27425357699394226,-1.0,-0.3962661325931549,-0.5993586778640747,-0.9994860291481018,-0.9735645055770874,,1.0
0.8556985259056091,1.0,-0.9999881386756897,-1.0,0.9999786019325256,1.0,0.9141833782196045,0.9515053033828735,0.7858798503875732,0.415281742811203,,1.0
-0.5217466950416565,1.0,0.9997907876968384,1.0,0.9815367460250854,0.9808846116065979,0.8292927145957947,-0.9464439153671265,0.955512523651123,-0.772537112236023,,1.0
0.447715163230896,0.2235865294933319,0.9998101592063904,-0.9999327063560486,0.9992769360542297,-0.9999566078186035,0.956373393535614,0.9999536871910095,-0.9667351245880127,0.7918849587440491,,1.0
0.9143374562263489,1.0,-1.0,1.0,1.0,-1.0,-0.8978661298751831,1.0,-0.319000780582428,0.9057366847991943,,1.0
-0.9988665580749512,-0.9574716091156006,-0.5243523120880127,-0.9999983310699463,-0.9592875242233276,1.0,0.17323367297649384,-0.9999986886978149,-0.9999950528144836,0.6714794039726257,,1.0
-0.9328982830047607,-1.0,-0.7748289704322815,-0.20195280015468597,-1.0,-0.972368061542511,-0.9740790724754333,0.9999988079071045,-0.9999526739120483,-0.9615402221679688,,1.0
0.996579110622406,1.0,0.02280605398118496,0.9999978542327881,1.0,0.9999938607215881,-0.3071441948413849,-0.6752197742462158,1.0,0.9961657524108887,,1.0
-0.9799886345863342,-0.9999362230300903,0.999931812286377,-0.5670706033706665,-0.9988183975219727,-0.1491030752658844,-0.24437563121318817,-1.0,-0.9982292652130127,-0.9771664142608643,,1.0
-0.7520282864570618,1.0,-0.9998671412467957,-1.0,0.9605064392089844,0.15082111954689026,0.8586589097976685,-0.9999779462814331,-0.8973075747489929,0.9988466501235962,,1.0
-0.9796352982521057,-1.0,0.9856011271476746,-0.9999997615814209,-0.9012467861175537,0.9651474356651306,-0.9979382157325745,-0.9999982118606567,-1.0,-0.8251014947891235,,1.0
-0.9999997615814209,-1.0,-0.9999940395355225,0.9988434314727783,1.0,0.3393729031085968,-0.9976016283035278,-0.9789702892303467,-0.9998356699943542,0.9180446863174438,,1.0
-0.985569417476654,0.986064612865448,-0.28657078742980957,-0.9999818801879883,0.9999110698699951,-1.0,0.814100980758667,1.0,-0.3927549719810486,0.9813753962516785,,1.0
-0.689142107963562,-1.0,0.9847428798675537,0.9997015595436096,-0.8586589694023132,-0.9913173913955688,-0.8418264985084534,-0.9948624968528748,0.8325512409210205,-0.9382684826850891,,1.0
0.5474205613136292,0.9999934434890747,0.9339276552200317,0.9989029169082642,-1.0,0.9999796748161316,-0.04239717125892639,0.932559072971344,0.9306739568710327,0.9820569753646851,,1.0
-0.9844649434089661,1.0,0.852442741394043,-1.0,0.5436471700668335,-0.9390556812286377,-0.5857307314872742,-0.9998593926429749,0.9999282956123352,0.600482702255249,,1.0
-0.9859695434570312,-1.0,-1.0,0.9999050498008728,0.9999994039535522,-1.0,-0.9998194575309753,-0.9999979138374329,-0.9999824166297913,-0.9011130332946777,,1.0
-1.0,1.0,-0.9999820590019226,-1.0,1.0,-0.7930343151092529,-0.40606793761253357,0.9999692440032959,0.9758739471435547,0.9987470507621765,,1.0
0.9999719262123108,1.0,-0.7488771080970764,-0.952396035194397,1.0,0.9999784827232361,0.19127154350280762,-1.0,0.9995527267456055,0.9998575448989868,,1.0
-0.6096344590187073,0.936143696308136,-0.9991626739501953,-0.9889607429504395,-0.9994822144508362,0.6458163261413574,0.7681935429573059,-1.0,-0.8346900343894958,0.3433229923248291,,1.0
-0.5465943217277527,1.0,0.9999906420707703,1.0,-0.5530946254730225,1.0,0.8897987008094788,-0.9999960660934448,0.9397780299186707,-0.002443417441099882,,1.0
0.9968934655189514,-1.0,0.9998983144760132,-0.9900457262992859,0.9949579834938049,0.5872536301612854,0.32742300629615784,0.9999977946281433,-0.9240096211433411,-0.8361424207687378,,1.0
0.9999952912330627,0.4916977882385254,-0.99982088804245,0.9989566802978516,0.9843838810920715,-0.9999963045120239,0.9168495535850525,0.3255802392959595,-0.782601535320282,0.676358699798584,,1.0
-0.9993548393249512,0.9999995827674866,0.9952254295349121,-1.0,-0.8921294808387756,-0.9999995231628418,0.6571589112281799,0.4332152009010315,0.7186044454574585,0.6246196627616882,,1.0
0.4089604318141937,0.40219393372535706,-0.9983479976654053,1.0,-0.5338920950889587,-0.7286129593849182,-0.37055498361587524,-0.9999990463256836,-0.6836764812469482,0.9694563746452332,,1.0
1.0,-1.0,-0.9999991059303284,-0.9999996423721313,1.0,-0.9999811053276062,-0.003094249404966831,0.9999994039535522,-0.9999979138374329,0.9999699592590332,,1.0
-0.9999996423721313,-0.960173487663269,-0.832338273525238,-1.0,-0.9986286759376526,0.9997465014457703,-0.4045279920101166,1.0,-0.9975606799125671,-0.8452382683753967,,1.0
-0.5969734787940979,-0.9999963045120239,-0.9935811161994934,0.9999821782112122,-0.5577824115753174,0.9999913573265076,-0.5638388991355896,-0.5004279613494873,-0.46722638607025146,0.26041316986083984,,1.0
-1.0,-1.0,0.9999430179595947,-0.9999992251396179,-0.9999951720237732,-0.9945284724235535,-0.2874945104122162,1.0,-0.9999201893806458,-0.9968470931053162,,1.0
-0.8481948375701904,-0.9389375448226929,-0.9999778270721436,-0.9999973773956299,0.9999992847442627,-0.9969977736473083,-0.01717425137758255,-0.8468256592750549,-0.9207135438919067,-0.022236432880163193,,1.0
-0.9998818039894104,-0.9984789490699768,-0.8977906703948975,-1.0,-0.999855637550354,-0.9998459815979004,-0.007690888363867998,-0.9993226528167725,-0.9487496018409729,-0.9510805010795593,,1.0
1.0,0.1285005807876587,-1.0,0.9999993443489075,-0.24096105992794037,-0.9999879598617554,0.996645987033844,0.9959118962287903,-0.9983240962028503,0.8766425251960754,,1.0
0.9992859959602356,1.0,-0.87735915184021,-0.529427707195282,-1.0,-0.999472975730896,0.8937633037567139,-0.9994623064994812,-0.5708560943603516,0.999998927116394,,1.0
0.9999989867210388,1.0,0.999988853931427,0.9999994039535522,-0.9988718628883362,-0.9999958276748657,0.9990624189376831,0.9999985098838806,0.9260976910591125,0.9346871376037598,,1.0
-0.2680755853652954,-0.9999558329582214,-0.9922105669975281,0.9999997615814209,-0.9998984932899475,-0.9999351501464844,0.9295122027397156,-0.9757269024848938,-0.9988760948181152,0.6308390498161316,,1.0
1.0,-1.0,0.8340311050415039,0.9999963045120239,1.0,0.8727817535400391,0.751078188419342,-0.999998927116394,-1.0,0.8942745923995972,,1.0
0.9669106006622314,-0.9998393654823303,-0.8130017518997192,-0.9864883422851562,-0.8076285123825073,0.9976571202278137,-0.7399044632911682,-0.9999518990516663,-0.8986158967018127,-0.7436153292655945,,1.0
0.709332287311554,-1.0,0.9935539364814758,0.786810040473938,-0.9999542832374573,-0.9237446188926697,-0.8318821787834167,-0.9962598085403442,-0.9999842643737793,-0.9615157246589661,,1.0
-0.9957206845283508,1.0,0.9999979734420776,1.0,0.9980014562606812,0.7072606682777405,-0.11893359571695328,-0.9999886155128479,1.0,0.629479169845581,,1.0
-0.954865574836731,-0.9919545650482178,0.9781975150108337,-0.9999977350234985,-0.9978282451629639,0.5468534231185913,-0.056853391230106354,-1.0,-0.9990234375,-0.4681072533130646,,1.0
-0.9999786019325256,0.41897109150886536,0.8282573819160461,-1.0,-0.9999687671661377,0.9946442246437073,0.22849878668785095,-0.9994765520095825,-0.982982337474823,-0.4798675775527954,,1.0
1.0,-0.28217440843582153,-0.7415837645530701,1.0,0.9961085319519043,-1.0,0.9962161779403687,0.9984233379364014,-0.9723331928253174,0.9499210119247437,,1.0
-1.0,-1.0,-0.9860557317733765,-1.0,0.9996919631958008,0.9996433854103088,-0.845928430557251,1.0,-0.9999990463256836,-0.9125524163246155,,1.0
0.9999960660934448,1.0,1.0,1.0,-0.9999949336051941,-1.0,0.9993186593055725,-0.9993810057640076,0.9997237324714661,0.9993364214897156,,1.0
-0.9999937415122986,0.9798440933227539,0.9853835105895996,0.8464186191558838,-1.0,0.9387821555137634,-0.898838996887207,-0.9995056986808777,0.74153071641922,0.7547000050544739,,1.0
0.7234786152839661,0.8667545318603516,-0.9973140954971313,0.6301963329315186,0.9999393820762634,-1.0,-0.07449313998222351,-0.9978439807891846,0.9731584787368774,0.06766777485609055,,1.0
0.3548310399055481,1.0,0.9482747316360474,0.9997082948684692,-0.9999973177909851,-0.9999949932098389,0.7792176604270935,0.33915191888809204,0.9611698389053345,0.9644893407821655,,1.0
0.45309916138648987,1.0,-0.9999989867210388,0.9999975562095642,1.0,0.21868285536766052,0.7089768648147583,1.0,0.9999755024909973,0.12264207750558853,,1.0
-1.0,0.9960021376609802,0.999973475933075,-0.9995678663253784,-0.9996095299720764,0.9996694326400757,0.10971159487962723,0.9583763480186462,-0.8320564031600952,-0.43476396799087524,,1.0
-1.0,-1.0,-0.9989103674888611,-0.9999967813491821,0.9997714161872864,-0.9999954104423523,-0.9953352808952332,-0.9928050637245178,-0.90705406665802,-0.9966806173324585,,1.0
-0.8696314096450806,-1.0,0.9981693625450134,0.9909807443618774,1.0,-0.6885547041893005,-0.8083984851837158,1.0,-0.9996586441993713,0.3446609079837799,,1.0
0.9999723434448242,1.0,0.9997900724411011,1.0,-0.953572154045105,-1.0,0.996812105178833,1.0,-0.28520575165748596,0.29830119013786316,,1.0
0.9999604821205139,1.0,0.9997907280921936,-0.14493350684642792,-0.999927818775177,-0.9999962449073792,0.9417803883552551,-0.9999905824661255,-0.7833237648010254,0.09591775387525558,,1.0
1.0,0.9982771277427673,-0.9268927574157715,0.9560948610305786,-0.7893490791320801,-0.9992735385894775,0.9887605905532837,1.0,0.7134014964103699,0.6281604170799255,,1.0
-0.9998942613601685,0.9996380805969238,0.9123591780662537,-1.0,0.9999994039535522,-0.9999993443489075,-0.24456718564033508,0.6412659883499146,0.9614585638046265,0.9882801175117493,,1.0
-1.0,-0.9997231960296631,-0.999983012676239,-0.6844912171363831,-0.9999992847442627,0.9986770749092102,-0.8931275606155396,-1.0,-0.9986485242843628,-0.9999426603317261,,1.0
0.9427825808525085,-1.0,0.8526318669319153,0.9999428391456604,-0.9946889281272888,1.0,-0.8382083773612976,1.0,0.9964717626571655,-0.26898035407066345,,1.0
0.9999930262565613,0.9583770632743835,0.9998999834060669,1.0,-0.9604942202568054,-0.9999996423721313,0.9989156723022461,0.9990521669387817,0.22548548877239227,0.9049276113510132,,1.0
-0.9994687438011169,-1.0,-1.0,0.989090085029602,-1.0,-0.8551319241523743,-0.9184166193008423,-1.0,-0.9990027546882629,0.024396901950240135,,1.0
0.39790481328964233,-0.9999842047691345,0.9876422882080078,-1.0,0.999512255191803,-0.9791814684867859,-0.955571174621582,-0.9999749064445496,-0.8628384470939636,-0.9093108773231506,,1.0
0.7518061995506287,-0.9990851879119873,-0.9999838471412659,-0.0954078808426857,1.0,0.042135898023843765,0.055783212184906006,1.0,-0.8214888572692871,0.9030503630638123,,1.0
-0.9999976754188538,0.9999892711639404,-0.9999603033065796,-1.0,0.9999805688858032,-0.9981597065925598,-0.7977212071418762,-0.9995522499084473,0.9632031917572021,0.9845975041389465,,1.0
-0.9454290866851807,1.0,0.9997901320457458,-0.9999210238456726,0.12524625658988953,0.9550508260726929,0.5862261056900024,-0.9999849796295166,0.9837653636932373,0.9410899877548218,,1.0
-0.9998412132263184,-0.999998152256012,-1.0,-0.9815995693206787,1.0,1.0,-0.9992807507514954,-1.0,-0.8979294300079346,-0.23625269532203674,,1.0
0.9992520809173584,-1.0,0.9996394515037537,0.9999895691871643,-0.9999386072158813,0.7440028786659241,0.4131074547767639,-1.0,-0.9999983310699463,0.108428955078125,,1.0
0.9773997664451599,-1.0,-0.9603375792503357,-0.4022100865840912,-1.0,0.999571681022644,-0.5767681002616882,0.6647183299064636,-0.9882575869560242,-0.2562815248966217,,1.0
-1.0,1.0,0.99217689037323,-0.9999966025352478,-0.9999991655349731,0.8877303004264832,0.8788135051727295,-0.9999993443489075,0.7655168175697327,0.29026564955711365,,1.0
0.8695545792579651,0.9999933838844299,1.0,0.9589534401893616,-1.0,0.9999690651893616,0.723124623298645,-1.0,-0.8208180665969849,-0.09281941503286362,,1.0
-0.9996800422668457,-0.9996838569641113,0.9999982714653015,0.9537623524665833,0.9998965859413147,-1.0,0.949216365814209,1.0,-0.9830782413482666,-0.5892934203147888,,1.0
-0.7974978089332581,0.9999107122421265,1.0,0.9977745413780212,-0.9991684556007385,-0.959669828414917,0.84931480884552,-0.998951256275177,0.9817491769790649,-0.6887849569320679,,1.0
-0.9270566701889038,-0.9998921751976013,-1.0,0.9998302459716797,0.9999988079071045,-0.9999446868896484,-0.9868762493133545,0.9999995231628418,-0.9996455311775208,-0.9973840713500977,,1.0
-0.9861021041870117,-1.0,-0.9987016320228577,-0.9329580068588257,0.40257859230041504,-0.9999997019767761,-0.14417999982833862,1.0,-0.9839538931846619,-0.9194537997245789,,1.0
0.9997921586036682,-1.0,-0.9999703168869019,-0.9999774694442749,1.0,0.9999805688858032,-0.1943214386701584,0.6951229572296143,-0.33358481526374817,0.44359320402145386,,1.0
-0.9997451901435852,0.9999995231628418,0.9975740909576416,-0.9924043416976929,-1.0,0.9927555918693542,0.9938974380493164,-1.0,-0.999998927116394,0.9999243021011353,,1.0
0.9861487746238708,1.0,-0.9999978542327881,-1.0,-0.8445031642913818,-0.4001418948173523,0.9842504858970642,-0.9998747706413269,0.9988635778427124,0.9504578709602356,,1.0
-1.0,1.0,-0.2268255352973938,1.0,-0.9995712041854858,0.9993414878845215,-0.9977962374687195,0.9963011741638184,0.3104299306869507,-0.9999945759773254,,1.0
0.9735532999038696,1.0,0.9999967217445374,0.9911159873008728,-1.0,0.9999566674232483,0.9249334335327148,-1.0,-0.5160031318664551,0.9763059020042419,,1.0
0.03983659669756889,-1.0,-0.6809172630310059,-0.6815583109855652,0.9494889378547668,-0.9963261485099792,-0.663437008857727,-0.9998425245285034,-0.9939995408058167,-0.8876685500144958,,1.0
-0.5731690526008606,0.8464961647987366,0.8393335342407227,0.9999995231628418,0.9999983310699463,-1.0,0.6052154302597046,-0.9997825622558594,0.3192571997642517,0.8727139234542847,,1.0
0.9999423027038574,0.10070090740919113,-1.0,-0.9992203712463379,-0.9996892213821411,-0.9995872378349304,0.8112354874610901,1.0,-0.9599681496620178,-0.905575692653656,,1.0
-0.7279622554779053,-0.5811110138893127,-0.999991774559021,-0.9999988079071045,0.9986861944198608,-0.889451265335083,0.47486695647239685,0.999524712562561,-0.9996271133422852,-0.810417890548706,,1.0
0.9997591376304626,0.999984622001648,0.995327889919281,1.0,-0.9997485280036926,1.0,0.4216896593570709,-0.8406810164451599,0.999833345413208,0.18874919414520264,,1.0
0.9814211130142212,-0.6090249419212341,-0.9994142651557922,-0.9965881109237671,0.7396402955055237,1.0,0.17129510641098022,-1.0,-0.9989569783210754,0.7958873510360718,,1.0
-0.9999645352363586,-1.0,-0.6930357217788696,0.9176028966903687,-0.9889712333679199,0.9253134727478027,-0.8735839128494263,-0.3372906744480133,-0.9999803304672241,-0.9972718954086304,,1.0
-0.999998927116394,1.0,-0.9990424513816833,-1.0,1.0,-0.991832435131073,-0.27595987915992737,0.9999996423721313,-0.9275615215301514,0.9900991320610046,,1.0
0.9985169768333435,1.0,0.18577009439468384,0.942705512046814,0.4376760423183441,0.9998912811279297,-0.8390135765075684,-0.9999994039535522,0.9999560117721558,-0.40906137228012085,,1.0
-0.9354322552680969,1.0,0.241255983710289,-1.0,-0.9994487762451172,-0.3194415867328644,0.5847059488296509,-0.12796606123447418,0.9999991655349731,0.9902892112731934,,1.0
-0.29584363102912903,-0.23693007230758667,0.36964887380599976,0.9999880194664001,-0.9999865293502808,-0.9170315861701965,-0.1576668918132782,1.0,0.9995245337486267,-0.9639089107513428,,1.0
-0.9999194145202637,-1.0,-0.999930739402771,0.9997022151947021,0.9887016415596008,0.9988795518875122,-0.9405049085617065,-1.0,-0.9999892711639404,-0.8774555921554565,,1.0
0.9588452577590942,0.9996538758277893,0.9992663860321045,0.9998950362205505,0.8061807155609131,-0.9985361099243164,-0.20826414227485657,0.9863817095756531,0.9999351501464844,-0.9925291538238525,,1.0
0.9998957514762878,1.0,0.9999793767929077,1.0,-1.0,-0.977525532245636,0.5320973992347717,0.9999993443489075,1.0,0.9908486604690552,,1.0
-0.9827551245689392,1.0,0.999995768070221,-1.0,-0.9888371229171753,0.9997981190681458,0.772205650806427,-0.7887812852859497,0.9960033297538757,0.1704847514629364,,1.0
-0.9972862005233765,0.6954650282859802,0.981026828289032,-0.9999986290931702,0.9956273436546326,-0.9991504549980164,0.10400845110416412,0.9999932646751404,-0.8072267770767212,-0.929938554763794,,1.0
0.998969316482544,-0.9832571148872375,-1.0,0.9999279379844666,1.0,0.9997080564498901,-0.0009592208662070334,1.0,0.9979923367500305,-0.1133124828338623,,1.0
0.9913461804389954,0.999842643737793,0.9978057146072388,0.99993896484375,-0.9999499917030334,-0.9989209175109863,0.9409297108650208,0.9999991655349731,0.8375263810157776,-0.6444212794303894,,1.0
0.8425666689872742,1.0,0.9924076795578003,0.99994295835495,-0.47119131684303284,0.978634238243103,-0.2833196818828583,-0.8322290182113647,1.0,-0.9254700541496277,,1.0
-0.08932153135538101,-1.0,-0.9999992251396179,0.04427732154726982,-0.8182079792022705,-0.13417291641235352,-0.9588288068771362,-1.0,-0.999992847442627,-0.9527021646499634,,1.0
-0.9297241568565369,-0.9999146461486816,0.9999561905860901,-0.26432645320892334,-0.9999042749404907,-0.07446326315402985,-0.6173939108848572,-0.9114075303077698,-0.24827012419700623,0.017435969784855843,,1.0
0.9887194633483887,0.9999568462371826,0.9955682158470154,-1.0,0.8804265260696411,0.3601227104663849,0.9019842743873596,1.0,-0.03156701847910881,0.9796146154403687,,1.0
0.5873467326164246,0.9997847080230713,0.9948632717132568,0.9997311234474182,0.9998816251754761,0.9649684429168701,0.7536253333091736,0.9996331930160522,0.9999494552612305,-0.5771716833114624,,1.0
0.7534802556037903,-0.9999925494194031,-0.9022867679595947,-0.9938494563102722,0.394875168800354,0.49016305804252625,-0.6333556771278381,-0.9999923706054688,-0.8772435784339905,-0.9376230239868164,,1.0
0.9999991655349731,0.7419620156288147,-0.781819224357605,1.0,1.0,-1.0,0.49581441283226013,0.9999732971191406,0.9971513152122498,0.46447840332984924,,1.0
0.42789724469184875,0.9987925887107849,0.6427333354949951,1.0,0.9985687136650085,0.999937891960144,-0.45518580079078674,-0.9999997019767761,0.9904437065124512,-0.6306262612342834,,1.0
0.06942370533943176,1.0,-0.9999971389770508,-1.0,0.9966211915016174,-0.9999988079071045,0.7025439739227295,1.0,0.9985467195510864,0.9318224787712097,,1.0
-0.37133610248565674,1.0,-1.0,-1.0,1.0,0.9420210123062134,0.9852025508880615,0.9992663860321045,-0.870229959487915,0.9999980330467224,,1.0
-0.9997044801712036,1.0,0.9999890327453613,0.9951269030570984,-0.9910185933113098,0.9998957514762878,0.8384313583374023,-1.0,-0.9269809126853943,-0.3315587639808655,,1.0
0.9999984502792358,-0.6841884255409241,0.9644261598587036,1.0,1.0,-0.9952969551086426,0.8610537052154541,1.0,0.9999901652336121,0.7721831202507019,,1.0
-0.9779821038246155,1.0,0.9999305009841919,-0.8592174053192139,0.9207049608230591,-0.970488429069519,0.10801225155591965,-1.0,0.9885489344596863,0.9951413869857788,,1.0
1.0,1.0,0.9859670400619507,1.0,0.9999699592590332,1.0,0.9896865487098694,-0.9761636853218079,0.3617483377456665,0.9995156526565552,,1.0
-0.6755668520927429,1.0,-0.9950400590896606,-0.999999463558197,0.9999687671661377,-0.9990350008010864,-0.6041701436042786,-0.9603128433227539,1.0,0.9999765753746033,,1.0
0.6535637378692627,-1.0,-0.4495337903499603,0.9999995231628418,0.9837790727615356,-0.9998690485954285,-0.9497827291488647,-1.0,-1.0,-0.9574953317642212,,1.0
0.9373911619186401,-0.9994931221008301,0.8177196383476257,0.9451046586036682,-1.0,0.7239837050437927,0.7054877877235413,0.9859169721603394,-0.9060615301132202,-0.6557231545448303,,1.0
0.9976128935813904,0.9965232610702515,-0.9993270635604858,0.8663136959075928,-1.0,-0.900833785533905,0.9836833477020264,0.22751013934612274,0.25927841663360596,0.773910641670227,,1.0
-0.9681260585784912,-0.9998857378959656,-0.9952696561813354,-0.8781508207321167,-0.9997181296348572,0.8859342336654663,-0.8890796899795532,-0.9999980926513672,-0.8973800539970398,-0.7014175653457642,,1.0
-0.9985164403915405,0.9979059100151062,0.5845666527748108,-0.9037850499153137,-0.9889139533042908,-0.4420035779476166,0.394026517868042,-0.9999995231628418,-0.08406339585781097,0.41148850321769714,,1.0
-0.6148536801338196,1.0,1.0,0.999929666519165,-1.0,0.9999985098838806,0.9984574913978577,-0.9999980330467224,-0.9706965088844299,0.9999905824661255,,1.0
0.9991471171379089,0.9877169132232666,0.999988853931427,0.9999991655349731,-1.0,0.9999269247055054,0.9841399192810059,-0.9995331764221191,-0.9919928908348083,0.8370941877365112,,1.0
